#FORMAT=WebAnno TSV 3.3


#Text=Время в настенных часах.
1-1	0-5	Время	
1-2	6-7	в	
1-3	8-17	настенных	
1-4	18-23	часах	
1-5	23-24	.	

#Text=Правда в оборванном сне.
2-1	26-32	Правда	
2-2	33-34	в	
2-3	35-45	оборванном	
2-4	46-49	сне	
2-5	49-50	.	

#Text=Жизнь на небесах.
3-1	52-57	Жизнь	
3-2	58-60	на	
3-3	61-68	небесах	
3-4	68-69	.	

#Text=Жизнь, с крылом на спине.
4-1	71-76	Жизнь	
4-2	76-77	,	
4-3	78-79	с	
4-4	80-86	крылом	
4-5	87-89	на	
4-6	90-95	спине	
4-7	95-96	.	

#Text=Невыносимо проста.
5-1	98-108	Невыносимо	
5-2	109-115	проста	
5-3	115-116	.	

#Text=С вечной тропинкой к себе вдоль крыльев.
6-1	118-119	С	
6-2	120-126	вечной	
6-3	127-136	тропинкой	
6-4	137-138	к	
6-5	139-143	себе	
6-6	144-149	вдоль	
6-7	150-157	крыльев	
6-8	157-158	.	

#Text=Нервно хватает с куста.
7-1	160-166	Нервно	
7-2	167-174	хватает	
7-3	175-176	с	
7-4	177-182	куста	
7-5	182-183	.	

#Text=Слова, словно ягоды, вместе с пылью.
8-1	185-190	Слова	
8-2	190-191	,	
8-3	192-198	словно	
8-4	199-204	ягоды	
8-5	204-205	,	
8-6	206-212	вместе	
8-7	213-214	с	
8-8	215-220	пылью	
8-9	220-221	.	

#Text=Моя дорогая, я не так далеко.
9-1	223-226	Моя	
9-2	227-234	дорогая	
9-3	234-235	,	
9-4	236-237	я	
9-5	238-240	не	
9-6	241-244	так	
9-7	245-251	далеко	
9-8	251-252	.	

#Text=Ты можешь убить меня не обнимая.
10-1	254-256	Ты	
10-2	257-263	можешь	
10-3	264-269	убить	
10-4	270-274	меня	
10-5	275-277	не	
10-6	278-285	обнимая	
10-7	285-286	.	

#Text=Моя дорогая…\r
#Text=\r
#Text=Горький кофе к утру.
11-1	288-291	Моя	
11-2	292-299	дорогая	
11-3	299-300	…	
11-4	304-311	Горький	
11-5	312-316	кофе	
11-6	317-318	к	
11-7	319-323	утру	
11-8	323-324	.	

#Text=Сносились глаза, как подковы.
12-1	326-335	Сносились	
12-2	336-341	глаза	
12-3	341-342	,	
12-4	343-346	как	
12-5	347-354	подковы	
12-6	354-355	.	

#Text=Не замечаю, как вру.
13-1	357-359	Не	
13-2	360-367	замечаю	
13-3	367-368	,	
13-4	369-372	как	
13-5	373-376	вру	
13-6	376-377	.	

#Text=Себе самому про кого-то другого.
14-1	379-383	Себе	
14-2	384-390	самому	
14-3	391-394	про	
14-4	395-402	кого-то	
14-5	403-410	другого	
14-6	410-411	.	

#Text=Такого же в том же окне.
15-1	413-419	Такого	
15-2	420-422	же	
15-3	423-424	в	
15-4	425-428	том	
15-5	429-431	же	
15-6	432-436	окне	
15-7	436-437	.	

#Text=На тех же словах помешавшись поздно.
16-1	439-441	На	
16-2	442-445	тех	
16-3	446-448	же	
16-4	449-455	словах	
16-5	456-467	помешавшись	
16-6	468-474	поздно	
16-7	474-475	.	

#Text=Расковыряв в простыне небо.
17-1	477-487	Расковыряв	
17-2	488-489	в	
17-3	490-498	простыне	
17-4	499-503	небо	
17-5	503-504	.	

#Text=А в небе застывшие звезды…\r
#Text=Источник: txtsong.ru\r
#Text=\r
#Text=Моя дорогая, я не так далеко.
18-1	506-507	А	
18-2	508-509	в	
18-3	510-514	небе	
18-4	515-524	застывшие	
18-5	525-531	звезды	
18-6	531-532	…	
18-7	534-542	Источник	
18-8	542-543	:	
18-9	544-554	txtsong.ru	
18-10	558-561	Моя	
18-11	562-569	дорогая	
18-12	569-570	,	
18-13	571-572	я	
18-14	573-575	не	
18-15	576-579	так	
18-16	580-586	далеко	
18-17	586-587	.	

#Text=Ты можешь убить меня не обнимая.
19-1	589-591	Ты	
19-2	592-598	можешь	
19-3	599-604	убить	
19-4	605-609	меня	
19-5	610-612	не	
19-6	613-620	обнимая	
19-7	620-621	.	

#Text=Моя дорогая…\r
#Text=\r
#Text=Тонкая площадь руки.
20-1	623-626	Моя	
20-2	627-634	дорогая	
20-3	634-635	…	
20-4	639-645	Тонкая	
20-5	646-653	площадь	
20-6	654-658	руки	
20-7	658-659	.	

#Text=В ней сырость трамвайных колец.
21-1	661-662	В	
21-2	663-666	ней	
21-3	667-674	сырость	
21-4	675-685	трамвайных	
21-5	686-691	колец	
21-6	691-692	.	

#Text=Я хотел бы с другой ноги.
22-1	694-695	Я	
22-2	696-701	хотел	
22-3	702-704	бы	
22-4	705-706	с	
22-5	707-713	другой	
22-6	714-718	ноги	
22-7	718-719	.	

#Text=Пройти этот путь из начала в конец.
23-1	721-727	Пройти	
23-2	728-732	этот	
23-3	733-737	путь	
23-4	738-740	из	
23-5	741-747	начала	
23-6	748-749	в	
23-7	750-755	конец	
23-8	755-756	.	

#Text=Прямо по линии жизни.
24-1	758-763	Прямо	
24-2	764-766	по	
24-3	767-772	линии	
24-4	773-778	жизни	
24-5	778-779	.	

#Text=Вдоль серых промокших домов тетрадных.
25-1	781-786	Вдоль	
25-2	787-792	серых	
25-3	793-802	промокших	
25-4	803-808	домов	
25-5	809-818	тетрадных	
25-6	818-819	.	

#Text=Что бы не выдумать лишний.
26-1	821-824	Что	
26-2	825-827	бы	
26-3	828-830	не	
26-4	831-839	выдумать	
26-5	840-846	лишний	
26-6	846-847	.	

#Text=Сомнительный повод вернуться обратно.
27-1	849-861	Сомнительный	
27-2	862-867	повод	
27-3	868-877	вернуться	
27-4	878-885	обратно	
27-5	885-886	.	

#Text=Моя дорогая, я не так далеко.
28-1	890-893	Моя	
28-2	894-901	дорогая	
28-3	901-902	,	
28-4	903-904	я	
28-5	905-907	не	
28-6	908-911	так	
28-7	912-918	далеко	
28-8	918-919	.	

#Text=Ты можешь убить меня, не обнимая.
29-1	921-923	Ты	
29-2	924-930	можешь	
29-3	931-936	убить	
29-4	937-941	меня	
29-5	941-942	,	
29-6	943-945	не	
29-7	946-953	обнимая	
29-8	953-954	.	

#Text=Моя дорогая…\r
#Text=Я не так далеко.
30-1	956-959	Моя	
30-2	960-967	дорогая	
30-3	967-968	…	
30-4	970-971	Я	
30-5	972-974	не	
30-6	975-978	так	
30-7	979-985	далеко	
30-8	985-986	.	

#Text=Я не так далеко.
31-1	988-989	Я	
31-2	990-992	не	
31-3	993-996	так	
31-4	997-1003	далеко	
31-5	1003-1004	.	

#Text=Я не так далеко.
32-1	1006-1007	Я	
32-2	1008-1010	не	
32-3	1011-1014	так	
32-4	1015-1021	далеко	
32-5	1021-1022	.	

#Text=Я не так далеко …\r
#Text=Я не так далеко.
33-1	1024-1025	Я	
33-2	1026-1028	не	
33-3	1029-1032	так	
33-4	1033-1039	далеко	
33-5	1040-1041	…	
33-6	1043-1044	Я	
33-7	1045-1047	не	
33-8	1048-1051	так	
33-9	1052-1058	далеко	
33-10	1058-1059	.	
