#FORMAT=WebAnno TSV 3.3
#T_SP=GoTerm|term_type
#T_SP=LexicalUsage|lex_type
#T_SP=MoveEvaluation|best_move|score|win_rate
#T_SP=PartOfSpeech|pos
#T_SP=StrategyConcept|concept_type|stage


#Text=White invaded the 3-3, it was very good
1-1	0-5	White	white_color	_ 	_	_	_	NOUN	_	_	
1-2	6-13	invaded	_	_	_	_	_	VERB	_	_	
1-3	14-17	the	_	_	_	_	_	DET	_	_	
1-4	18-21	3-3	3-3_point	_	_	_	_	NOUN	_	_	
1-5	21-22	,	_	_	_	_	_	PUNCT	_	_	
1-6	23-25	it	_	_	_	_	_	PRON	_	_	
1-7	26-29	was	_	_	_	_	_	AUX	_	_	
1-8	30-34	very	_	_	_	_	_	ADV	_	_	
1-9	35-39	good	_	_	hane_term	0.8	0.65	ADJ	_	_