{
  "meta": {
    "game_id": "mP5CYuj1Qjs",
    "sgf_file_path": "game1.sgf"
  },
  "moves_info_link": [
    {
      "moves": "W[qc];B[qd];W[pc];B[nc];W[oc];B[od];",
      "text_id": 1,
      "evaluation": "W:2.5",
      "textgrid": {
        "audio": "game1_part1.wav",
        "textgrid_file_path": "game1_part1.TextGrid"
      },
      "tsv": "game1_part1.tsv"
    },
    {
      "moves": "W[rd];B[re];W[rc];B[qf];W[nd];B[mc]",
      "text_id": 2,
      "evaluation": "B:3.6",
      "textgrid": {
        "audio": "game1_part2.wav",
        "textgrid_file_path": "game1_part2.TextGrid"
      },
      "tsv": "game1_part2.tsv"
    }
  ]
}