#FORMAT=WebAnno TSV 3.3
#T_SP=GoTerm|term_type
#T_SP=LexicalUsage|lex_type
#T_SP=MoveEvaluation|best_move|score|win_rate
#T_SP=PartOfSpeech|pos
#T_SP=StrategyConcept|concept_type|stage


#Text=but white played hane here but this is the right direction because now black can block immediately but if I plays hane, black cannot block because white can capture this one stone.
1-1	0-3	but	_	_	_	_	_	CCONJ	_	_	
1-2	4-9	white	white_color	_	_	_	_	NOUN	_	_	
1-3	10-16	played	_	_	_	_	_	VERB	_	_	
1-4	17-21	hane	hane_term	_	_	_	_	NOUN	basic_shape	fuseki	
1-5	22-26	here	_	_	_	_	_	ADV	_	_	
1-6	27-30	but	_	_	_	_	_	CCONJ	_	_	
1-7	31-35	this	_	_	_	_	_	PRON	_	_	
1-8	36-38	is	_	_	_	_	_	AUX	_	_	
1-9	39-42	the	_	_	_	_	_	DET	_	_	
1-10	43-48	right	_	_	_	_	_	ADJ	_	_	
1-11	49-58	direction	_	_	_	_	_	NOUN	direction	middle_game	
1-12	59-66	because	_	_	_	_	_	SCONJ	_	_	
1-13	67-70	now	_	_	_	_	_	ADV	_	_	
1-14	71-76	black	black_color	_	_	_	_	NOUN	_	_	
1-15	77-80	can	_	_	_	_	_	AUX	_	_	
1-16	81-86	block	_	_	_	_	_	VERB	_	_	
1-17	87-98	immediately	_	_	_	_	_	ADV	_	_	
1-18	99-102	but	_	_	_	_	_	CCONJ	_	_	
1-19	103-105	if	_	_	_	_	_	SCONJ	_	_	
1-20	106-107	I	_	_	_	_	_	PRON	_	_	
1-21	108-113	plays	_	_	_	_	_	VERB	_	_	
1-22	114-118	hane	hane_term	_	_	_	_	NOUN	basic_shape	fuseki	
1-23	118-119	,	_	_	_	_	_	PUNCT	_	_	
1-24	120-125	black	black_color	_	_	_	_	NOUN	_	_	
1-25	126-132	cannot	_	_	_	_	_	AUX	_	_	
1-26	133-138	block	_	_	_	_	_	VERB	_	_	
1-27	139-146	because	_	_	_	_	_	SCONJ	_	_	
1-28	147-152	white	white_color	_	_	_	_	NOUN	_	_	
1-29	153-156	can	_	_	_	_	_	AUX	_	_	
1-30	157-164	capture	_	_	_	_	_	VERB	_	_	
1-31	165-169	this	_	_	_	_	_	DET	_	_	
1-32	170-173	one	_	_	_	_	_	NUM	_	_	
1-33	174-179	stone	_	_	_	_	_	NOUN	_	_	
1-34	179-180	.	_	_	_	_	_	PUNCT	_	_