,hash,qid,url,topic
0,2d0c3bfc1aa900865df8462b83a3f59a93826f56e5aaf9b3cfd28d8625bfb6aa2893d96d396b90aabf09599ee23a706f,267880963,https://otvet.mail.ru/api/pictures/images/2d0c3bfc1aa900865df8462b83a3f59a93826f56e5aaf9b3cfd28d8625bfb6aa2893d96d396b90aabf09599ee23a706f.jpg?size=origin,Просто установи
1,134d65607da9a17d7acfe4a87f698b75a8f07721ae86c4a5405ea94e4392261c7e1eac915f126ee01233206c89a59895,267880969,https://otvet.mail.ru/api/pictures/images/134d65607da9a17d7acfe4a87f698b75a8f07721ae86c4a5405ea94e4392261c7e1eac915f126ee01233206c89a59895.jpg?size=origin,Тарелка ЗОЖ
2,393a263688f04a45e1c82ddf5da61bbba87e87662d8d7004d1d148da6ab07d9a9ce0dd61e40d23f218cd39e1c00996ac,267881026,https://otvet.mail.ru/api/pictures/images/393a263688f04a45e1c82ddf5da61bbba87e87662d8d7004d1d148da6ab07d9a9ce0dd61e40d23f218cd39e1c00996ac.jpg?size=origin,А сейчас что-то совсем другое
3,7e59e0075e088c027d7921b250fdf2335604156e09604029c6e85178727778570244cf2e3b8b633e6961ac8820866308,267881037,https://otvet.mail.ru/api/pictures/images/7e59e0075e088c027d7921b250fdf2335604156e09604029c6e85178727778570244cf2e3b8b633e6961ac8820866308.jpg?size=origin,Завод
4,21b483e613a294ae9c9e9b34ea485de9cb1a1f80510ca4b8b3d5b42e472c7c51438d9304751a68b5f90fb111638bdb5e,267881046,https://otvet.mail.ru/api/pictures/images/21b483e613a294ae9c9e9b34ea485de9cb1a1f80510ca4b8b3d5b42e472c7c51438d9304751a68b5f90fb111638bdb5e.jpg?size=origin,Политические дебаты
5,914d7a131e14543b76079340ffe5e7a57866cc0751e15876e2f92899866803a16ea9c36eff743ca316c380d72a4d1593,267881084,https://otvet.mail.ru/api/pictures/images/914d7a131e14543b76079340ffe5e7a57866cc0751e15876e2f92899866803a16ea9c36eff743ca316c380d72a4d1593.jpg?size=origin,А сейчас что-то совсем другое
6,6fc524336af0152f399809dabb715a01951179c90e965615b0b02e231351d57da400fa22827ac57cba4f6dabb19979a4,267881144,https://otvet.mail.ru/api/pictures/images/6fc524336af0152f399809dabb715a01951179c90e965615b0b02e231351d57da400fa22827ac57cba4f6dabb19979a4.jpg?size=origin,Киномания
7,86ccc361e8d8a13889a825f4e8b04b404856c1bf3b2482d0c580fb1f9721127971fc57770be649574dcb996c07de7867,267881194,https://otvet.mail.ru/api/pictures/images/86ccc361e8d8a13889a825f4e8b04b404856c1bf3b2482d0c580fb1f9721127971fc57770be649574dcb996c07de7867.jpg?size=origin,А сейчас что-то совсем другое
8,1153cf5e2f71035e0d63658ebaccec35c4a78f0773ee887eccd22e9b2361d2b92310a97ebfdf06c716ef4f680aff2389,267881200,https://otvet.mail.ru/api/pictures/images/1153cf5e2f71035e0d63658ebaccec35c4a78f0773ee887eccd22e9b2361d2b92310a97ebfdf06c716ef4f680aff2389.jpg?size=origin,"Бог, вера, религия"
9,fb626fb98d76256d51de162066d18e7e841b0a7c0caf1eab2d170e1150e2656717bd4f5b4b4396bca904bfc64133bf32,267881257,https://otvet.mail.ru/api/pictures/images/fb626fb98d76256d51de162066d18e7e841b0a7c0caf1eab2d170e1150e2656717bd4f5b4b4396bca904bfc64133bf32.jpg?size=origin,Психология и жизнь
10,07b62fae2e052844ff106054c4476f3c0f0a8838fc3862a6e44b7207fab7c6950cd742fca730ed538eeaf240ef1b64b0,267881277,https://otvet.mail.ru/api/pictures/images/07b62fae2e052844ff106054c4476f3c0f0a8838fc3862a6e44b7207fab7c6950cd742fca730ed538eeaf240ef1b64b0.jpg?size=origin,Время игр
11,87fd7943343c164a864adaa2bed167746d05b51e7ffee1a0b57ee04c5f38edc4ba4b725d9cb7977e7c97e34b14d1fc69,267881309,https://otvet.mail.ru/api/pictures/images/87fd7943343c164a864adaa2bed167746d05b51e7ffee1a0b57ee04c5f38edc4ba4b725d9cb7977e7c97e34b14d1fc69.jpg?size=origin,А сейчас что-то совсем другое
12,2a85495111994a2930c2c834bb8b188a8b49e5a54522d779a95bf779ad6a3a6957c547970744ab0854e2c267c8201e6d,267881467,https://otvet.mail.ru/api/pictures/images/2a85495111994a2930c2c834bb8b188a8b49e5a54522d779a95bf779ad6a3a6957c547970744ab0854e2c267c8201e6d.jpg?size=origin,Трушный спорт
13,c0693cdeabb86cf859dafd3b02b4004da950c6cbbcf50517767d82b0a9e646919bc6748e0a91b220107cf0591efaaaa5,267881512,https://otvet.mail.ru/api/pictures/images/c0693cdeabb86cf859dafd3b02b4004da950c6cbbcf50517767d82b0a9e646919bc6748e0a91b220107cf0591efaaaa5.jpg?size=origin,А сейчас что-то совсем другое
14,44d797e6f3d33282261507c7e1de0dcb472a389c6f788fdc8ba402fe04ca39d741c179220ac4be9ac3a09a48b85e8303,267881522,https://otvet.mail.ru/api/pictures/images/44d797e6f3d33282261507c7e1de0dcb472a389c6f788fdc8ba402fe04ca39d741c179220ac4be9ac3a09a48b85e8303.jpg?size=origin,А сейчас что-то совсем другое
15,f328e07ea7873ca7fd5e42e26fb711a88a6536f8a34a058fc01543f6fe1a40fcc37805767ed3e0403fed2c0e5cbfded9,267881525,https://otvet.mail.ru/api/pictures/images/f328e07ea7873ca7fd5e42e26fb711a88a6536f8a34a058fc01543f6fe1a40fcc37805767ed3e0403fed2c0e5cbfded9.jpg?size=origin,Политические дебаты
16,2386584dbe6e2c62cdb840055f1cc030d14e796623b8a902dfd96f9531a72f76c8bae0ce0d18f243ac4bf0539f62f6d7,267881529,https://otvet.mail.ru/api/pictures/images/2386584dbe6e2c62cdb840055f1cc030d14e796623b8a902dfd96f9531a72f76c8bae0ce0d18f243ac4bf0539f62f6d7.jpg?size=origin,Математика
17,0d6dc4a693e29be1f8d5062f26172f6aee7c796fde56c1d1a4fe2570fdbdd0ec26696f77b37cde1ebc67bf4e2fd2e401,267881577,https://otvet.mail.ru/api/pictures/images/0d6dc4a693e29be1f8d5062f26172f6aee7c796fde56c1d1a4fe2570fdbdd0ec26696f77b37cde1ebc67bf4e2fd2e401.jpg?size=origin,Жизнь в России
18,54e024b3f5eb66ae9bac5717d057f3974b753ae61fcca9357a89cc23f716701024fe7ad5cda07a141cc8b3c8e8ed1618,267881586,https://otvet.mail.ru/api/pictures/images/54e024b3f5eb66ae9bac5717d057f3974b753ae61fcca9357a89cc23f716701024fe7ad5cda07a141cc8b3c8e8ed1618.jpg?size=origin,А сейчас что-то совсем другое
19,672c7e414d5eb43d3f14f5173b342fb3fa2b05f474f5c8d07cfab6eed9442000b643e73b53c389092cc0773f49bc2532,267881600,https://otvet.mail.ru/api/pictures/images/672c7e414d5eb43d3f14f5173b342fb3fa2b05f474f5c8d07cfab6eed9442000b643e73b53c389092cc0773f49bc2532.jpg?size=origin,Сериалы и телешоу
20,b3c752193658f2f8a226b6652fb8869d0bdf6e605e85ac8db1c69f5aa5fc9a75260fd0f37bcfa10867f019ecb487a79e,267881603,https://otvet.mail.ru/api/pictures/images/b3c752193658f2f8a226b6652fb8869d0bdf6e605e85ac8db1c69f5aa5fc9a75260fd0f37bcfa10867f019ecb487a79e.jpg?size=origin,Вопросы о фауне
21,86904ac83d3ef7934a635ed8c4d44c434614c53751e55f72f96bd7cc953524b39eb7b63bcd34d12be1f38aadeb259226,267881660,https://otvet.mail.ru/api/pictures/images/86904ac83d3ef7934a635ed8c4d44c434614c53751e55f72f96bd7cc953524b39eb7b63bcd34d12be1f38aadeb259226.jpg?size=origin,Проблемы с кожей
22,11c777e6db044cb33c766f07b77fa45537e49d507251eb999caecfbf3dac81baea15d7c5a1bd432b578d254534f52cdb,267881678,https://otvet.mail.ru/api/pictures/images/11c777e6db044cb33c766f07b77fa45537e49d507251eb999caecfbf3dac81baea15d7c5a1bd432b578d254534f52cdb.jpg?size=origin,Дружба на века
23,4f794270d1b3398de105217ad912041dc1c2b15c99891d7b655c4f32ed60e3e870d2b2b09ee9e5482612772faf049935,267881735,https://otvet.mail.ru/api/pictures/images/4f794270d1b3398de105217ad912041dc1c2b15c99891d7b655c4f32ed60e3e870d2b2b09ee9e5482612772faf049935.jpg?size=origin,Космос и Вселенная
24,f8352dbe7d4531e2271410e4268da1e962b06a597f2ca6783aa2bffeb0f33a969f96b29ca9563f87e3b0f45a615b54ad,267881747,https://otvet.mail.ru/api/pictures/images/f8352dbe7d4531e2271410e4268da1e962b06a597f2ca6783aa2bffeb0f33a969f96b29ca9563f87e3b0f45a615b54ad.jpg?size=origin,Сборная Домашка
25,8a3978247b40a0cfb017ce3e392f80fb793978160343d05ae4b0599b251799c730bc0d2f8b704a000717f0258c76b98c,267881760,https://otvet.mail.ru/api/pictures/images/8a3978247b40a0cfb017ce3e392f80fb793978160343d05ae4b0599b251799c730bc0d2f8b704a000717f0258c76b98c.jpg?size=origin,А сейчас что-то совсем другое
26,cdc9ecd0d5f4bab90a596ff23594e4d35ba0f0888715e3b6b4fd6ba6dc1839fc275042677dc06c78f9ccc006c302be39,267881775,https://otvet.mail.ru/api/pictures/images/cdc9ecd0d5f4bab90a596ff23594e4d35ba0f0888715e3b6b4fd6ba6dc1839fc275042677dc06c78f9ccc006c302be39.jpg?size=origin,Космос и Вселенная
27,f0ee7b2d25d761b1eb6d6f1d92053f8b3e0bf6335ac529d35a15a10bc60d1c3412c7f3c30751503a275e798e18ce7bef,267881790,https://otvet.mail.ru/api/pictures/images/f0ee7b2d25d761b1eb6d6f1d92053f8b3e0bf6335ac529d35a15a10bc60d1c3412c7f3c30751503a275e798e18ce7bef.jpg?size=origin,Космос и Вселенная
28,f329fd3e6a8dea23eebce2ff038aa8e10efe4d3eea56cec0ca22358056c219c710b31449803a7ed32584914ed5916438,267881838,https://otvet.mail.ru/api/pictures/images/f329fd3e6a8dea23eebce2ff038aa8e10efe4d3eea56cec0ca22358056c219c710b31449803a7ed32584914ed5916438.jpg?size=origin,"Бог, вера, религия"
29,0a7112abc4fae983ca6d2d874a11d77cefbd4ba3a0a1ff0e0e98624ddbb6311fbe7d3aff0a87c3390e2b7cdf54411818,267881849,https://otvet.mail.ru/api/pictures/images/0a7112abc4fae983ca6d2d874a11d77cefbd4ba3a0a1ff0e0e98624ddbb6311fbe7d3aff0a87c3390e2b7cdf54411818.jpg?size=origin,Философский вопрос
30,d812e727a65f95a2b6ebe3344936a7938f105a15b2014ce911b7a9ceb8e2f303fe61a0884dccdbdff551883a296313fc,267881855,https://otvet.mail.ru/api/pictures/images/d812e727a65f95a2b6ebe3344936a7938f105a15b2014ce911b7a9ceb8e2f303fe61a0884dccdbdff551883a296313fc.jpg?size=origin,А сейчас что-то совсем другое
31,c710a5fc1ba7978e3ccd068df8245fa7b87f92c64d0200cb1b3ef97d13ae158b7ae56316d8174f9b406aee8f07335b32,267881927,https://otvet.mail.ru/api/pictures/images/c710a5fc1ba7978e3ccd068df8245fa7b87f92c64d0200cb1b3ef97d13ae158b7ae56316d8174f9b406aee8f07335b32.jpg?size=origin,А сейчас что-то совсем другое
32,0b2f60add9bcb913bd8822a1058c20559dfcd65139c849ced5913c8ff12bf47d429a91927ac50be0cd1fcea02a92c616,267881928,https://otvet.mail.ru/api/pictures/images/0b2f60add9bcb913bd8822a1058c20559dfcd65139c849ced5913c8ff12bf47d429a91927ac50be0cd1fcea02a92c616.jpg?size=origin,Steam
33,f56bfacea08d433e13a55570b2aa246a9f7b36293f74d1d5c2bc857cd3b9081ffea98f10b2e40caca4692458b8beab46,267881969,https://otvet.mail.ru/api/pictures/images/f56bfacea08d433e13a55570b2aa246a9f7b36293f74d1d5c2bc857cd3b9081ffea98f10b2e40caca4692458b8beab46.jpg?size=origin,Политические дебаты
34,675e052a07827d1cda4cc19364de51c1f9ad10be7009b1709befcaf8298003b3152ff597374d5784ba1a38c7cde7b14e,267881987,https://otvet.mail.ru/api/pictures/images/675e052a07827d1cda4cc19364de51c1f9ad10be7009b1709befcaf8298003b3152ff597374d5784ba1a38c7cde7b14e.jpg?size=origin,А сейчас что-то совсем другое
35,9ead5c26786b36b355b32b72d99bf91cc4e5d5ddbd43431f601488cbd837896a97acd445e364801babf8e62ce0ad0c90,267882015,https://otvet.mail.ru/api/pictures/images/9ead5c26786b36b355b32b72d99bf91cc4e5d5ddbd43431f601488cbd837896a97acd445e364801babf8e62ce0ad0c90.jpg?size=origin,Время игр
36,aabce931bd88d8d27ab0ac5d27d760371ea230688ba9b9dbf92e8dce05244c067c3041c0ed0d3c3215c55f3f037a9a0f,267882042,https://otvet.mail.ru/api/pictures/images/aabce931bd88d8d27ab0ac5d27d760371ea230688ba9b9dbf92e8dce05244c067c3041c0ed0d3c3215c55f3f037a9a0f.jpg?size=origin,А сейчас что-то совсем другое
37,75f773033172a796cb64a8365df3cc428b813bcc1e882b42f74e363ec386dd86c41ca8eb68e674089711ec8e84439610,267882046,https://otvet.mail.ru/api/pictures/images/75f773033172a796cb64a8365df3cc428b813bcc1e882b42f74e363ec386dd86c41ca8eb68e674089711ec8e84439610.jpg?size=origin,GTA
38,44aa7a0f1d9226b4459119f23fae6b1c28510b1e06e41deb6b2daa0ae6e1ee2524c3456066bdc69ced2693e9332ce455,267882048,https://otvet.mail.ru/api/pictures/images/44aa7a0f1d9226b4459119f23fae6b1c28510b1e06e41deb6b2daa0ae6e1ee2524c3456066bdc69ced2693e9332ce455.jpg?size=origin,Наша флора
39,6fc049ca1e402cccd4de99e92c63784db73321bf8a2ae91538b5682c2e9eb1c6053dcafa502fddc5cd27da9033940bee,267882052,https://otvet.mail.ru/api/pictures/images/6fc049ca1e402cccd4de99e92c63784db73321bf8a2ae91538b5682c2e9eb1c6053dcafa502fddc5cd27da9033940bee.jpg?size=origin,А сейчас что-то совсем другое
40,91327b84aa5134ded52af809cc2b332eb98bbed66050293b63273b8032ccb201dc95eadf5e199b34e417fc39c3753fc8,267882058,https://otvet.mail.ru/api/pictures/images/91327b84aa5134ded52af809cc2b332eb98bbed66050293b63273b8032ccb201dc95eadf5e199b34e417fc39c3753fc8.jpg?size=origin,Тарелка ЗОЖ
41,a019947568b34f06e0430c49ebd1e3ac0a816d651e1b832260406ce37d606d10bb78994e0c1983ff1ba5edae8caa76ee,267882059,https://otvet.mail.ru/api/pictures/images/a019947568b34f06e0430c49ebd1e3ac0a816d651e1b832260406ce37d606d10bb78994e0c1983ff1ba5edae8caa76ee.jpg?size=origin,Политические дебаты
42,73245e3b7acdddfb977a14cd0fffc2557f28afbd1e15a8684781e809871d3fa77db36c9989f913ec3b53308a00473ffc,267882117,https://otvet.mail.ru/api/pictures/images/73245e3b7acdddfb977a14cd0fffc2557f28afbd1e15a8684781e809871d3fa77db36c9989f913ec3b53308a00473ffc.jpg?size=origin,Стиль и фэшн
43,1ae26d7ff9c4e3171534faf924893c294e4c79649ed33e2c9389dfcf628619e16d75a58c71f9f42b75c34ddf2b6bcf00,267882142,https://otvet.mail.ru/api/pictures/images/1ae26d7ff9c4e3171534faf924893c294e4c79649ed33e2c9389dfcf628619e16d75a58c71f9f42b75c34ddf2b6bcf00.jpg?size=origin,А сейчас что-то совсем другое
44,e7d65c5f2543cc46430baca6c351f410d9761dd0b6be70a9d226c078bf9d49e541496cbed06c2c996a800497254d14bf,267882165,https://otvet.mail.ru/api/pictures/images/e7d65c5f2543cc46430baca6c351f410d9761dd0b6be70a9d226c078bf9d49e541496cbed06c2c996a800497254d14bf.jpg?size=origin,Едариум
45,49f82d90020391c8b738c06cba8c8d24298ec394c2f19b9d50047bdf8ba4996cc098aeca16fbe986039785ee56ad830c,267882208,https://otvet.mail.ru/api/pictures/images/49f82d90020391c8b738c06cba8c8d24298ec394c2f19b9d50047bdf8ba4996cc098aeca16fbe986039785ee56ad830c.jpg?size=origin,А сейчас что-то совсем другое
46,f27430aaa23f901d4f26326aac816d0bfc8683fa620263db2cfd29ec9f797c336ffb6c4aa17bbd976a7db6e6faca8592,267882277,https://otvet.mail.ru/api/pictures/images/f27430aaa23f901d4f26326aac816d0bfc8683fa620263db2cfd29ec9f797c336ffb6c4aa17bbd976a7db6e6faca8592.jpg?size=origin,Политические дебаты
47,a237dc3056b87e3f97dfda5ee02345e22d96ce0b843b696e8dde2f263a0a9e8eefbbb4428ca019793b872e18eda5ab7b,267882329,https://otvet.mail.ru/api/pictures/images/a237dc3056b87e3f97dfda5ee02345e22d96ce0b843b696e8dde2f263a0a9e8eefbbb4428ca019793b872e18eda5ab7b.jpg?size=origin,Оружие и война
48,f16202ba4d0dd9e843fa20728fe11a05bfc4af67bf924e3df690b3000dd83b60640cbb093c2f0ae4dbacf294f0222e67,267882355,https://otvet.mail.ru/api/pictures/images/f16202ba4d0dd9e843fa20728fe11a05bfc4af67bf924e3df690b3000dd83b60640cbb093c2f0ae4dbacf294f0222e67.jpg?size=origin,А сейчас что-то совсем другое
49,801d8d9df83e61613f76bf6769f02a402b7f00a821839df5c250538d59f4ed07ea852586b161f46a55a08f01d11fe02a,267882379,https://otvet.mail.ru/api/pictures/images/801d8d9df83e61613f76bf6769f02a402b7f00a821839df5c250538d59f4ed07ea852586b161f46a55a08f01d11fe02a.jpg?size=origin,Очумелые ручки
50,f9fdb3d27bf5734e2baeeefbfab4ef8558a6db345587fad2b4fff0f3f728416dbbe8835b179b8d46d80e3edf508200c4,267882380,https://otvet.mail.ru/api/pictures/images/f9fdb3d27bf5734e2baeeefbfab4ef8558a6db345587fad2b4fff0f3f728416dbbe8835b179b8d46d80e3edf508200c4.jpg?size=origin,Пояснительная бригада
51,dc2f6e62540416c2225214b2f78fc36e56dc43e9be524edc07b65c8707ca33631ac60b9226c553713c292560fcd37ab9,267882388,https://otvet.mail.ru/api/pictures/images/dc2f6e62540416c2225214b2f78fc36e56dc43e9be524edc07b65c8707ca33631ac60b9226c553713c292560fcd37ab9.jpg?size=origin,Лапки и хвосты
52,fb08bac57ccb11a13c6e5f91a80fb37f2f4be8de5f168ae5b31033bb4b3be11a0e362ecd97e4fc7fab15e98b6048c816,267882427,https://otvet.mail.ru/api/pictures/images/fb08bac57ccb11a13c6e5f91a80fb37f2f4be8de5f168ae5b31033bb4b3be11a0e362ecd97e4fc7fab15e98b6048c816.jpg?size=origin,Философский вопрос
53,aa88ca8270a6c33a662da7c95ce8113eb279de78260aacd6556ea21fef42c9b3a813936557c9f378297cbdd0c51fc540,267882474,https://otvet.mail.ru/api/pictures/images/aa88ca8270a6c33a662da7c95ce8113eb279de78260aacd6556ea21fef42c9b3a813936557c9f378297cbdd0c51fc540.jpg?size=origin,А сейчас что-то совсем другое
54,4465dbc5340a072112dd95061d8b1125f0912b574a2496c335338585c9d28773288a0fdd5774aba4f2a02d870b37c423,267882507,https://otvet.mail.ru/api/pictures/images/4465dbc5340a072112dd95061d8b1125f0912b574a2496c335338585c9d28773288a0fdd5774aba4f2a02d870b37c423.jpg?size=origin,Подслушано
55,a6500d034585a6359dc6578ae6f51916d63d0e46f970838a43d22df2cb13f09ee751da3691a4035f6eaeb2cafae739c1,267882516,https://otvet.mail.ru/api/pictures/images/a6500d034585a6359dc6578ae6f51916d63d0e46f970838a43d22df2cb13f09ee751da3691a4035f6eaeb2cafae739c1.jpg?size=origin,Время музыки
56,63fc5a38684def27da71a59f558be02e2429942caed8a2cba1e8b5d06263ebee407c47815349f1d93c903e3deedbbed9,267882535,https://otvet.mail.ru/api/pictures/images/63fc5a38684def27da71a59f558be02e2429942caed8a2cba1e8b5d06263ebee407c47815349f1d93c903e3deedbbed9.jpg?size=origin,А сейчас что-то совсем другое
57,58e739793b60244110063b34b3ffda4f9ce20e338edd1ae1fcb41028631033217d959cd18aab7af22f705a4727e86bea,267882567,https://otvet.mail.ru/api/pictures/images/58e739793b60244110063b34b3ffda4f9ce20e338edd1ae1fcb41028631033217d959cd18aab7af22f705a4727e86bea.jpg?size=origin,GTA
58,488281df40037436bcd422397afa7e254d9070cded5812e30f92ecb7b1265d445a29c9e85ab2b176c361208d616e3e3c,267882570,https://otvet.mail.ru/api/pictures/images/488281df40037436bcd422397afa7e254d9070cded5812e30f92ecb7b1265d445a29c9e85ab2b176c361208d616e3e3c.jpg?size=origin,Электроника и электротехника
59,9198e340bf17023761180862395cb2c96eb169a35ff023745d3c0240a63ac13abb4fc04b7c6198531cc6a212df752dc6,267882645,https://otvet.mail.ru/api/pictures/images/9198e340bf17023761180862395cb2c96eb169a35ff023745d3c0240a63ac13abb4fc04b7c6198531cc6a212df752dc6.jpg?size=origin,А сейчас что-то совсем другое
60,78025a165db7ee126aad48725f2ddbd3293d9aa5b23881004caaa6b2962b6fd2bbadb7d83b0eea45e6b8600957840ecf,267882660,https://otvet.mail.ru/api/pictures/images/78025a165db7ee126aad48725f2ddbd3293d9aa5b23881004caaa6b2962b6fd2bbadb7d83b0eea45e6b8600957840ecf.jpg?size=origin,Математика
61,0943d3918d5af3a5cc5a36a2824f2891a75aeb2cc4ac279d0832ac96415fe4ff8fda00c771a1881266d25c9fbf9053db,267882693,https://otvet.mail.ru/api/pictures/images/0943d3918d5af3a5cc5a36a2824f2891a75aeb2cc4ac279d0832ac96415fe4ff8fda00c771a1881266d25c9fbf9053db.jpg?size=origin,А сейчас что-то совсем другое
62,e8478f4f0ae641cba142f53396da913ecb609b32882a9e6063d6a9735604176f84b13ec53e49d29e13694ce0b60d2ca5,267882699,https://otvet.mail.ru/api/pictures/images/e8478f4f0ae641cba142f53396da913ecb609b32882a9e6063d6a9735604176f84b13ec53e49d29e13694ce0b60d2ca5.jpg?size=origin,Просто установи
63,007c396c7903f9c3a8f8ff8ef21d9705242c9c987427742f24d7c67e3191b581f36e4f52300d623fb0e6caed6eac1884,267882721,https://otvet.mail.ru/api/pictures/images/007c396c7903f9c3a8f8ff8ef21d9705242c9c987427742f24d7c67e3191b581f36e4f52300d623fb0e6caed6eac1884.jpg?size=origin,Жизнь в России
64,1b2fed73810de4f17eac44f0b6ca58990e23ffaaa81823e375cdbb67fd7a8d66a1820df2f26207c9e9a732262b7e92e2,267882848,https://otvet.mail.ru/api/pictures/images/1b2fed73810de4f17eac44f0b6ca58990e23ffaaa81823e375cdbb67fd7a8d66a1820df2f26207c9e9a732262b7e92e2.jpg?size=origin,А сейчас что-то совсем другое
65,effdd1280fe5a76025fe366b0a918e46204070e71bc66d0bcec2a543c838f0daf77daadf334732db6cc8f6d319e3af95,267882868,https://otvet.mail.ru/api/pictures/images/effdd1280fe5a76025fe366b0a918e46204070e71bc66d0bcec2a543c838f0daf77daadf334732db6cc8f6d319e3af95.jpg?size=origin,Время игр
66,0e7be1db185dd243831d36b1ffc672dc5e94f58f62434e6f99b8e887e2704b0cb43f14f81d24f223efe08f5852274fd4,267882877,https://otvet.mail.ru/api/pictures/images/0e7be1db185dd243831d36b1ffc672dc5e94f58f62434e6f99b8e887e2704b0cb43f14f81d24f223efe08f5852274fd4.jpg?size=origin,А сейчас что-то совсем другое
67,89c9282dedc88764d84509f378657e6b6a2696af082cb6fd5b91c6463e379cf68e80f4c9a52353229374249db9fc5418,267882917,https://otvet.mail.ru/api/pictures/images/89c9282dedc88764d84509f378657e6b6a2696af082cb6fd5b91c6463e379cf68e80f4c9a52353229374249db9fc5418.jpg?size=origin,А сейчас что-то совсем другое
68,bd93e9e47ab7b03b6d35ca61401efb32693af8348d982c9d739e3be1837bc8fe6e6127a3a4164448bd659ae5b7b600a0,267882918,https://otvet.mail.ru/api/pictures/images/bd93e9e47ab7b03b6d35ca61401efb32693af8348d982c9d739e3be1837bc8fe6e6127a3a4164448bd659ae5b7b600a0.jpg?size=origin,А сейчас что-то совсем другое
69,660391a5ea8356b7b2c1f40c746e8468c52a8d010bcf4e2f8ad9a37873f5d85a8d1a17a794218398049ecbca6cddf86a,267882928,https://otvet.mail.ru/api/pictures/images/660391a5ea8356b7b2c1f40c746e8468c52a8d010bcf4e2f8ad9a37873f5d85a8d1a17a794218398049ecbca6cddf86a.jpg?size=origin,А сейчас что-то совсем другое
70,a50a0b9d81253e6b788939bfb39c88f58c8fb046255c6788e9caa4d98e778def7a32a323c056eafb84bd5e8a4ef4f993,267882954,https://otvet.mail.ru/api/pictures/images/a50a0b9d81253e6b788939bfb39c88f58c8fb046255c6788e9caa4d98e778def7a32a323c056eafb84bd5e8a4ef4f993.jpg?size=origin,А сейчас что-то совсем другое
71,89c9282dedc88764d84509f378657e6b6a2696af082cb6fd5b91c6463e379cf68e80f4c9a52353229374249db9fc5418,267882979,https://otvet.mail.ru/api/pictures/images/89c9282dedc88764d84509f378657e6b6a2696af082cb6fd5b91c6463e379cf68e80f4c9a52353229374249db9fc5418.jpg?size=origin,А сейчас что-то совсем другое
72,148e0aee85f970855642e9f2bbad0bb3cdae39e76ae552e72bbd36e64e95e32c6e2bb88d978c55a919f49285e32f4ea6,267883016,https://otvet.mail.ru/api/pictures/images/148e0aee85f970855642e9f2bbad0bb3cdae39e76ae552e72bbd36e64e95e32c6e2bb88d978c55a919f49285e32f4ea6.jpg?size=origin,Смартфоны
73,fcb2c68dd2cf1f2151dd0e6ec4a092dc141abbcfd11cd9ac972f341e9c6244479352346cfea20fd10ded6d7087e83f98,267883050,https://otvet.mail.ru/api/pictures/images/fcb2c68dd2cf1f2151dd0e6ec4a092dc141abbcfd11cd9ac972f341e9c6244479352346cfea20fd10ded6d7087e83f98.jpg?size=origin,А сейчас что-то совсем другое
74,a6fa66a3f2465b0c9fe10a0ff10b6b684afdc62ac9c3033af5c087b79baa29eaccc628b55b3a3c9a5f0b1183ba96c462,267883133,https://otvet.mail.ru/api/pictures/images/a6fa66a3f2465b0c9fe10a0ff10b6b684afdc62ac9c3033af5c087b79baa29eaccc628b55b3a3c9a5f0b1183ba96c462.jpg?size=origin,Сборная Домашка
75,d7e2d418e3ba83beeaec6236e7684fb5ea2f3c188c4c331657fe4b542bd2278dd235a857f7f654873bcf38721aaaab10,267883257,https://otvet.mail.ru/api/pictures/images/d7e2d418e3ba83beeaec6236e7684fb5ea2f3c188c4c331657fe4b542bd2278dd235a857f7f654873bcf38721aaaab10.jpg?size=origin,Проблемы с ПК и интернетом
76,808ed2c295d974fc7bf1c019e29e0f04790e57c0afb9387aaa4d70fa23a0734fe2b07623f74542d2ad6a6db293173d53,267883269,https://otvet.mail.ru/api/pictures/images/808ed2c295d974fc7bf1c019e29e0f04790e57c0afb9387aaa4d70fa23a0734fe2b07623f74542d2ad6a6db293173d53.jpg?size=origin,А сейчас что-то совсем другое
77,706a2ff3a4eda096d31de35db82c0024f8578f61c6e9f29ad63c10cef72721aac2d34f9355b02e9a966c793cc821d1a8,267883279,https://otvet.mail.ru/api/pictures/images/706a2ff3a4eda096d31de35db82c0024f8578f61c6e9f29ad63c10cef72721aac2d34f9355b02e9a966c793cc821d1a8.jpg?size=origin,Мир медицины
78,1025f649ea6a13728ff4ad2c572038562b114bd71a470abe50962176d0ee000b014d54b8868877d98d4756728ed9ad8a,267883322,https://otvet.mail.ru/api/pictures/images/1025f649ea6a13728ff4ad2c572038562b114bd71a470abe50962176d0ee000b014d54b8868877d98d4756728ed9ad8a.jpg?size=origin,Электроника и электротехника
79,eaa3a5188b91e1696f1a75552ad8c1684bc64b108143ffefae8910cbaceeeb92af95b6b945492285cb74731f464ea122,267883342,https://otvet.mail.ru/api/pictures/images/eaa3a5188b91e1696f1a75552ad8c1684bc64b108143ffefae8910cbaceeeb92af95b6b945492285cb74731f464ea122.jpg?size=origin,А сейчас что-то совсем другое
80,837b33f0b0aeb2c6ee2f7daf216eaf5e81be1e163b1f5a8010766ae071153e2a076e6d9e734a8a686f42da78c9ffe555,267883373,https://otvet.mail.ru/api/pictures/images/837b33f0b0aeb2c6ee2f7daf216eaf5e81be1e163b1f5a8010766ae071153e2a076e6d9e734a8a686f42da78c9ffe555.jpg?size=origin,А сейчас что-то совсем другое
81,c209368af8aaceb0cad60918e5ac1cece049639e70a21056d325009528e4fbb864a2f30ef425919b0054bd42a8c499c0,267883473,https://otvet.mail.ru/api/pictures/images/c209368af8aaceb0cad60918e5ac1cece049639e70a21056d325009528e4fbb864a2f30ef425919b0054bd42a8c499c0.jpg?size=origin,А сейчас что-то совсем другое
82,9f504e913900691afced2cccffff366999b9ca694c0ce250c96212f4d8f89f8f8eec27d1349c35206ff81a96648677d2,267883490,https://otvet.mail.ru/api/pictures/images/9f504e913900691afced2cccffff366999b9ca694c0ce250c96212f4d8f89f8f8eec27d1349c35206ff81a96648677d2.jpg?size=origin,А сейчас что-то совсем другое
83,755be4afc6541cc82a87096d90a9c40b7dca7f05a3a2c7cadeee4a737cd106314edd8111eb61a04e0ff1c085cf97cc76,267883495,https://otvet.mail.ru/api/pictures/images/755be4afc6541cc82a87096d90a9c40b7dca7f05a3a2c7cadeee4a737cd106314edd8111eb61a04e0ff1c085cf97cc76.jpg?size=origin,А сейчас что-то совсем другое
84,9dc1f57b49b313f49ae51166ab080e8c15b49de7d863ebcf01ed22b661a46ff24ac11ccc94090531c7024d0406e36d37,267883503,https://otvet.mail.ru/api/pictures/images/9dc1f57b49b313f49ae51166ab080e8c15b49de7d863ebcf01ed22b661a46ff24ac11ccc94090531c7024d0406e36d37.jpg?size=origin,Офис
85,dd379735e93e22e0c0d1cbebc9e99b8651d97ec7656090580717589ab880736afcb4b9afa39e63a2d46dcd9498405c55,267883544,https://otvet.mail.ru/api/pictures/images/dd379735e93e22e0c0d1cbebc9e99b8651d97ec7656090580717589ab880736afcb4b9afa39e63a2d46dcd9498405c55.jpg?size=origin,Мир и его люди
86,ab52fbfe08f570d337548e48e1665c7728be79d7fca406bd9484a8cb170ceddd5bfd0c1615cf12f4582390e999062343,267883546,https://otvet.mail.ru/api/pictures/images/ab52fbfe08f570d337548e48e1665c7728be79d7fca406bd9484a8cb170ceddd5bfd0c1615cf12f4582390e999062343.jpg?size=origin,А сейчас что-то совсем другое
87,db83789052e965a62768a3a6fd0cf2a0aca6b30e3a5abfcb45a5412225aebc47f2953eb793b9ef8ede303fc9dfafd465,267883553,https://otvet.mail.ru/api/pictures/images/db83789052e965a62768a3a6fd0cf2a0aca6b30e3a5abfcb45a5412225aebc47f2953eb793b9ef8ede303fc9dfafd465.jpg?size=origin,"Фото, видео, дизайн"
88,f01d0d748265773e4be6ef9b9c4ab6863a2b0eaa90c297942bfc6fa677a0bfe1ba433ee4a53164db529bcde8f9d5781a,267883556,https://otvet.mail.ru/api/pictures/images/f01d0d748265773e4be6ef9b9c4ab6863a2b0eaa90c297942bfc6fa677a0bfe1ba433ee4a53164db529bcde8f9d5781a.jpg?size=origin,А сейчас что-то совсем другое
89,c30f75aa1d5768d366ee1af1bb5b3b0f1a2ae53589324da6f67fc1b09ab14fb7d8c512027fd6b9b9b7057d08da4f0f71,267883571,https://otvet.mail.ru/api/pictures/images/c30f75aa1d5768d366ee1af1bb5b3b0f1a2ae53589324da6f67fc1b09ab14fb7d8c512027fd6b9b9b7057d08da4f0f71.jpg?size=origin,Киномания
90,b76b7458730475ff2fcdd4037596f520dfb4f27ae294c94ec6ac935ebd417f2bacaff3dd7d5a1db315e9e91d2fcd1f5e,267883585,https://otvet.mail.ru/api/pictures/images/b76b7458730475ff2fcdd4037596f520dfb4f27ae294c94ec6ac935ebd417f2bacaff3dd7d5a1db315e9e91d2fcd1f5e.jpg?size=origin,Читаем вместе
91,ce82dfe1e35b0850d6f1bd7fc2d920479b88055c5398e01285ed2171b84efda7f9b06431f37f8f115eb752e833809635,267883596,https://otvet.mail.ru/api/pictures/images/ce82dfe1e35b0850d6f1bd7fc2d920479b88055c5398e01285ed2171b84efda7f9b06431f37f8f115eb752e833809635.jpg?size=origin,Лапки и хвосты
92,3d323754689034e29c34d5be65601274d99b43b04aefa5014e1b7b049f0d27ae87881fdc1c2f071cbdfc828fd87bd2c1,267883607,https://otvet.mail.ru/api/pictures/images/3d323754689034e29c34d5be65601274d99b43b04aefa5014e1b7b049f0d27ae87881fdc1c2f071cbdfc828fd87bd2c1.jpg?size=origin,Проблемы с ПК и интернетом
93,216b1c68022c1520927047789cf4b699c5d14b42d0867db0b5c24d8776acb2b821c7a39e131da9f5aa991d47e5fee924,267883614,https://otvet.mail.ru/api/pictures/images/216b1c68022c1520927047789cf4b699c5d14b42d0867db0b5c24d8776acb2b821c7a39e131da9f5aa991d47e5fee924.jpg?size=origin,Красота 360
94,3d33cd03b1fcc08e7297de536e605726f8035fdb402d210ee414e9a08f96157d4cd0e3de37df903885919aa04329e302,267883681,https://otvet.mail.ru/api/pictures/images/3d33cd03b1fcc08e7297de536e605726f8035fdb402d210ee414e9a08f96157d4cd0e3de37df903885919aa04329e302.jpg?size=origin,Электроника и электротехника
95,a28290f14498b683b87cd50d9187fb83d92a71616da41e94ad7f148fb8e0ec8c3552cdcbe240237aa6d5bc2e5947b9c3,267883706,https://otvet.mail.ru/api/pictures/images/a28290f14498b683b87cd50d9187fb83d92a71616da41e94ad7f148fb8e0ec8c3552cdcbe240237aa6d5bc2e5947b9c3.jpg?size=origin,А сейчас что-то совсем другое
96,9752b4a05b3ab5e38ac346ecf1818431d4fc895adf56efbbcfa1717da2c8feabea70cc62345116d57b2360348e5c26bc,267883738,https://otvet.mail.ru/api/pictures/images/9752b4a05b3ab5e38ac346ecf1818431d4fc895adf56efbbcfa1717da2c8feabea70cc62345116d57b2360348e5c26bc.jpg?size=origin,А сейчас что-то совсем другое
97,9d43890eb4f279ad7881bfc4a097b356252657d38ec708032b55b464fc5f74367a6b218dc7405727a4e161db86c8b5f2,267883740,https://otvet.mail.ru/api/pictures/images/9d43890eb4f279ad7881bfc4a097b356252657d38ec708032b55b464fc5f74367a6b218dc7405727a4e161db86c8b5f2.jpg?size=origin,Электроника и электротехника
98,cb9cdfa33e1500b29be67827dcc627430e5d0457f17be2dc5b5921a1ef01cb63167d7f9962486cf0836c56f03975d192,267883770,https://otvet.mail.ru/api/pictures/images/cb9cdfa33e1500b29be67827dcc627430e5d0457f17be2dc5b5921a1ef01cb63167d7f9962486cf0836c56f03975d192.jpg?size=origin,Психология и жизнь
99,8474ab3369cb823d956f166a3b759c3f203529d2bc48a07ea0cf8d12c98414ea977bf496f317c97ab7dbf8918cd9a20f,267883774,https://otvet.mail.ru/api/pictures/images/8474ab3369cb823d956f166a3b759c3f203529d2bc48a07ea0cf8d12c98414ea977bf496f317c97ab7dbf8918cd9a20f.jpg?size=origin,Уважаемый маг
100,7e3a843994953486b521feeac4a36fe78fef57f36bb3e419a6e50ebc7b6537830ce581ea4633790457d9c7ed577a9f01,267883790,https://otvet.mail.ru/api/pictures/images/7e3a843994953486b521feeac4a36fe78fef57f36bb3e419a6e50ebc7b6537830ce581ea4633790457d9c7ed577a9f01.jpg?size=origin,Бабочки в животе
101,b077a6a509cbfd49bfd8def471b8333a5fcb4ad4a72fdc49a24445984384df56e167e338837e81cc997f3b0948681f89,267883833,https://otvet.mail.ru/api/pictures/images/b077a6a509cbfd49bfd8def471b8333a5fcb4ad4a72fdc49a24445984384df56e167e338837e81cc997f3b0948681f89.jpg?size=origin,А сейчас что-то совсем другое
102,6f7574c34ee5e107de694d194b36b4b194e508c9b4da54ea691db64143721a3bbfed98da1963173c6fd540dadf118532,267883843,https://otvet.mail.ru/api/pictures/images/6f7574c34ee5e107de694d194b36b4b194e508c9b4da54ea691db64143721a3bbfed98da1963173c6fd540dadf118532.jpg?size=origin,Сборная Домашка
103,646c2c293dcf740cb95969a688c75769405f1acb046ce720b6cbb847804a60e8253e7b7fae17f26b2958d9be808e5a58,267883899,https://otvet.mail.ru/api/pictures/images/646c2c293dcf740cb95969a688c75769405f1acb046ce720b6cbb847804a60e8253e7b7fae17f26b2958d9be808e5a58.jpg?size=origin,Психология и жизнь
104,bd7e20afbf27b12a2a87e92ada1ffb310d212e4e57b58c018e5f775e5ea9d4a5c8d169a731f3c273a248bf530c58eb13,267883902,https://otvet.mail.ru/api/pictures/images/bd7e20afbf27b12a2a87e92ada1ffb310d212e4e57b58c018e5f775e5ea9d4a5c8d169a731f3c273a248bf530c58eb13.jpg?size=origin,А сейчас что-то совсем другое
105,0725a129f5ea2ab22e9d8508d5a41a2801031e28ea32a3ca861e539752205b61c842e960714e422b155e135884e5abff,267883919,https://otvet.mail.ru/api/pictures/images/0725a129f5ea2ab22e9d8508d5a41a2801031e28ea32a3ca861e539752205b61c842e960714e422b155e135884e5abff.jpg?size=origin,Просто установи
106,5667256b85537e8a689bf6e836b9c569d2a131962e4c56cb365adeedf04e9a035c9910d29c714493960d49d00b056b39,267883950,https://otvet.mail.ru/api/pictures/images/5667256b85537e8a689bf6e836b9c569d2a131962e4c56cb365adeedf04e9a035c9910d29c714493960d49d00b056b39.jpg?size=origin,Электроника и электротехника
107,7ac427842c74781e8af0df1c6daedab5944364c92ed6c89cf10049666d5be26f943a58bbf4a5eb2865c200ce16a23ff5,267883994,https://otvet.mail.ru/api/pictures/images/7ac427842c74781e8af0df1c6daedab5944364c92ed6c89cf10049666d5be26f943a58bbf4a5eb2865c200ce16a23ff5.jpg?size=origin,А сейчас что-то совсем другое
108,3f756f461c139661abed5102ad1bb590ef6caf2953594f32fc1d252486b6f39c543c8b5ea456e9fb4536f386f2503e07,267884020,https://otvet.mail.ru/api/pictures/images/3f756f461c139661abed5102ad1bb590ef6caf2953594f32fc1d252486b6f39c543c8b5ea456e9fb4536f386f2503e07.jpg?size=origin,Математика
109,20d82559a7393cb9b49fe89b024b36ab021294e9440c252155ddfe377dad3ce02488ed957c249c2c7627d0cedae9cdb3,267884029,https://otvet.mail.ru/api/pictures/images/20d82559a7393cb9b49fe89b024b36ab021294e9440c252155ddfe377dad3ce02488ed957c249c2c7627d0cedae9cdb3.jpg?size=origin,Unity
110,9bb7e5d19f34ff495fcef278b58d451f266c8209f8640a9790ffc403a2b39b22aa8a714ca28c5307eccc2094a0ed4a88,267884055,https://otvet.mail.ru/api/pictures/images/9bb7e5d19f34ff495fcef278b58d451f266c8209f8640a9790ffc403a2b39b22aa8a714ca28c5307eccc2094a0ed4a88.jpg?size=origin,А сейчас что-то совсем другое
111,e104b08086b5168da3ba8af729650b70ef1a97eacdd62fd8b7fa52718ebff6f251aeabd2edec9e21fb2458e9f1b6bb9a,267884061,https://otvet.mail.ru/api/pictures/images/e104b08086b5168da3ba8af729650b70ef1a97eacdd62fd8b7fa52718ebff6f251aeabd2edec9e21fb2458e9f1b6bb9a.jpg?size=origin,А сейчас что-то совсем другое
112,23d2794d99f926c76a8f97d68485d7392d447fc25473444f43e972b90634ffc50af2157824b4c6a4d04f2cd52e991ec0,267884072,https://otvet.mail.ru/api/pictures/images/23d2794d99f926c76a8f97d68485d7392d447fc25473444f43e972b90634ffc50af2157824b4c6a4d04f2cd52e991ec0.jpg?size=origin,Проблемы с ПК и интернетом
113,d6f35889819d349097859f631f3669e95c8db8eace1dd62d4231367229bf864802dd2e926aae0bd89f72e569dd2f0470,267884084,https://otvet.mail.ru/api/pictures/images/d6f35889819d349097859f631f3669e95c8db8eace1dd62d4231367229bf864802dd2e926aae0bd89f72e569dd2f0470.jpg?size=origin,Политические дебаты
114,9adc6d850ccd02abe388bac72633e0915eaf64a85f700c19a1f1cd9a114b8751a8da60ddfbee71d14276a0ce20fa9dc3,267884149,https://otvet.mail.ru/api/pictures/images/9adc6d850ccd02abe388bac72633e0915eaf64a85f700c19a1f1cd9a114b8751a8da60ddfbee71d14276a0ce20fa9dc3.jpg?size=origin,Пикантно о любви
115,9714e1ad41dc78a35bb0cc2081a3e4ee217fad9c7ebdb06d90ea7e5f03976d1486d12214cc3217fbbf6c49f169e95379,267884173,https://otvet.mail.ru/api/pictures/images/9714e1ad41dc78a35bb0cc2081a3e4ee217fad9c7ebdb06d90ea7e5f03976d1486d12214cc3217fbbf6c49f169e95379.jpg?size=origin,Настоящие мужчины
116,e25d11a32e44ecd5645a1c5c04e75d0df20a125dee4f29a1c19156ba067b930107045ec041c5e5608a855cc05fa5a6ff,267884195,https://otvet.mail.ru/api/pictures/images/e25d11a32e44ecd5645a1c5c04e75d0df20a125dee4f29a1c19156ba067b930107045ec041c5e5608a855cc05fa5a6ff.jpg?size=origin,Сборная Домашка
117,8470fe3718eb62e74cf833b1bff22cf988be4c74f0ecaf4c5e59ea875537e77d062507e3d6b7e5c80aa65da795bc274b,267884208,https://otvet.mail.ru/api/pictures/images/8470fe3718eb62e74cf833b1bff22cf988be4c74f0ecaf4c5e59ea875537e77d062507e3d6b7e5c80aa65da795bc274b.jpg?size=origin,А сейчас что-то совсем другое
118,40f0d5d5cd8241268e16fca8545e21fec78317e8d7ae0a9f48c435a812e01d0405d918a18ac9a58b1416640ebd6fd91a,267884256,https://otvet.mail.ru/api/pictures/images/40f0d5d5cd8241268e16fca8545e21fec78317e8d7ae0a9f48c435a812e01d0405d918a18ac9a58b1416640ebd6fd91a.jpg?size=origin,Время игр
119,6fc12b53e2d3fd2aca34977f912647e8752288ce640acafc5a9d163fb94d71065cb8b6d1b5b096923dec5a6a7c45ff66,267884300,https://otvet.mail.ru/api/pictures/images/6fc12b53e2d3fd2aca34977f912647e8752288ce640acafc5a9d163fb94d71065cb8b6d1b5b096923dec5a6a7c45ff66.jpg?size=origin,Проблемы с ПК и интернетом
120,6460ab7644b6d368706499bb3e2fa61f37f74c6f5060e40097106adc27c6a652a8c5776d96ee01557a429648075652c5,267884348,https://otvet.mail.ru/api/pictures/images/6460ab7644b6d368706499bb3e2fa61f37f74c6f5060e40097106adc27c6a652a8c5776d96ee01557a429648075652c5.jpg?size=origin,А сейчас что-то совсем другое
121,dc8ed5d8fcdc60898598e0f8cbe0e5e7c3dfec6b4c922eab549741d66d2a0ecbe5f0e4eabc107d7137438b10b7552e55,267884391,https://otvet.mail.ru/api/pictures/images/dc8ed5d8fcdc60898598e0f8cbe0e5e7c3dfec6b4c922eab549741d66d2a0ecbe5f0e4eabc107d7137438b10b7552e55.jpg?size=origin,Литература
122,b6688ca871780d4a39f2ea296771f91a4e69600f1bc3f3b143044427193ab64a81c26d213d2a191ccde84a6e4ef8c9a7,267884410,https://otvet.mail.ru/api/pictures/images/b6688ca871780d4a39f2ea296771f91a4e69600f1bc3f3b143044427193ab64a81c26d213d2a191ccde84a6e4ef8c9a7.jpg?size=origin,Информационные технологии
123,76bed1db9032f61dc0726e82310ec5d583cd7bccd549f9ac8b8f51f51fd57538a63d67571af880ae156c66c9b6db7d00,267884425,https://otvet.mail.ru/api/pictures/images/76bed1db9032f61dc0726e82310ec5d583cd7bccd549f9ac8b8f51f51fd57538a63d67571af880ae156c66c9b6db7d00.jpg?size=origin,А сейчас что-то совсем другое
124,f44993c4483b8b4d3408ec016ea8b007c86baaf396a83508fd4ecca0260f50ca6bb5be7431c5e71fe31583172bb7bc46,267884433,https://otvet.mail.ru/api/pictures/images/f44993c4483b8b4d3408ec016ea8b007c86baaf396a83508fd4ecca0260f50ca6bb5be7431c5e71fe31583172bb7bc46.jpg?size=origin,Идем оффлайн
125,ad63a2854e1465b47da1c90f52d970f8bb9c9c38c71f9523fcb964e6db1a0041190219bfa1450319d4b1bb5370ff7246,267884462,https://otvet.mail.ru/api/pictures/images/ad63a2854e1465b47da1c90f52d970f8bb9c9c38c71f9523fcb964e6db1a0041190219bfa1450319d4b1bb5370ff7246.jpg?size=origin,Roblox
126,b9f9cf29beb99f6b5eb41711fdb175a4a03fe3964c0ab4178a180e08e6246733ed1037a659ff4ff8282f51bce32a45ae,267884480,https://otvet.mail.ru/api/pictures/images/b9f9cf29beb99f6b5eb41711fdb175a4a03fe3964c0ab4178a180e08e6246733ed1037a659ff4ff8282f51bce32a45ae.jpg?size=origin,А сейчас что-то совсем другое
127,ff9cde5f079e353f958c6ced01e325f1c6b5ff499028f145735b662da3beec2ed9318d4fc94c76498b7b920e3a33b072,267884534,https://otvet.mail.ru/api/pictures/images/ff9cde5f079e353f958c6ced01e325f1c6b5ff499028f145735b662da3beec2ed9318d4fc94c76498b7b920e3a33b072.jpg?size=origin,Проблемы с ПК и интернетом
128,8eb917d41753d5b58f918464b25fd3acffb5756b7f76445afcea1633abe49506637a50fcd7a8f0fb45581ca59c794196,267884578,https://otvet.mail.ru/api/pictures/images/8eb917d41753d5b58f918464b25fd3acffb5756b7f76445afcea1633abe49506637a50fcd7a8f0fb45581ca59c794196.jpg?size=origin,Работа в IT
129,2a0ff058b01d7ffbcc1699ce67c7781890247b0e5f65591be235893e45868785f9a4c6ee4ce97ec475f5ef6db446de8c,267884604,https://otvet.mail.ru/api/pictures/images/2a0ff058b01d7ffbcc1699ce67c7781890247b0e5f65591be235893e45868785f9a4c6ee4ce97ec475f5ef6db446de8c.jpg?size=origin,А сейчас что-то совсем другое
130,afb0d8fd586d19e03c32a460bbf94413006d2234ca52d607820fc40f2170edd68651360f6c6096c97092efaae7bcbb55,267884635,https://otvet.mail.ru/api/pictures/images/afb0d8fd586d19e03c32a460bbf94413006d2234ca52d607820fc40f2170edd68651360f6c6096c97092efaae7bcbb55.jpg?size=origin,Киномания
131,2b740ac6bc0fb9002d06dd960391dfd50d996e55d491337dd28a4154a899fab8930e220b1cb8dcfb45d6e08590d0ac20,267884651,https://otvet.mail.ru/api/pictures/images/2b740ac6bc0fb9002d06dd960391dfd50d996e55d491337dd28a4154a899fab8930e220b1cb8dcfb45d6e08590d0ac20.jpg?size=origin,А сейчас что-то совсем другое
132,b464ad13ad02dfe555f4ecb74b861282f7f5d97343b3379e06a8b2ddf86d27731f23e3d3301088da21d2d35d6c606dfb,267884653,https://otvet.mail.ru/api/pictures/images/b464ad13ad02dfe555f4ecb74b861282f7f5d97343b3379e06a8b2ddf86d27731f23e3d3301088da21d2d35d6c606dfb.jpg?size=origin,Стиль и фэшн
133,abd886dbe2f1e4a0be4898510cbfa6c405364ffae5bef91ac06d81776b5a32f8d47e541936b21edbe8124eefce9dac1e,267884673,https://otvet.mail.ru/api/pictures/images/abd886dbe2f1e4a0be4898510cbfa6c405364ffae5bef91ac06d81776b5a32f8d47e541936b21edbe8124eefce9dac1e.jpg?size=origin,Политические дебаты
134,cd4f250551a0ede275d4c9d2d6f73e77d23fc7f2f21a1097317c2639d4710111a8b7f9e2ab088288c2f7654c9692a8f9,267884697,https://otvet.mail.ru/api/pictures/images/cd4f250551a0ede275d4c9d2d6f73e77d23fc7f2f21a1097317c2639d4710111a8b7f9e2ab088288c2f7654c9692a8f9.jpg?size=origin,Стиль и фэшн
135,e1215b99632071345694b9bd182e3c3e74c599aa764133d7cf8913923d76eeeb7717e801a0723a2428ea39f7f536a696,267884725,https://otvet.mail.ru/api/pictures/images/e1215b99632071345694b9bd182e3c3e74c599aa764133d7cf8913923d76eeeb7717e801a0723a2428ea39f7f536a696.jpg?size=origin,Stalker
136,67f8e92cd4635bf68ec7fa4c944b026cddc2d99c899a657f2b850a704eb898257b4d5622df2d4bd3a0195ec10b747929,267884742,https://otvet.mail.ru/api/pictures/images/67f8e92cd4635bf68ec7fa4c944b026cddc2d99c899a657f2b850a704eb898257b4d5622df2d4bd3a0195ec10b747929.jpg?size=origin,"Бог, вера, религия"
137,0b056739eb520a4e7c005df80747b6f0728eda79276d6649de5ff41c39367df1f3b475b603a46d6da6ba60d69e98a43f,267884794,https://otvet.mail.ru/api/pictures/images/0b056739eb520a4e7c005df80747b6f0728eda79276d6649de5ff41c39367df1f3b475b603a46d6da6ba60d69e98a43f.jpg?size=origin,Пикантно о любви
138,e7e30535dd6928e0502159514721521b8afe5817100d6b9621b904ad2d73a815096fe182dfa83b8e3c33e7e26804ebd8,267884805,https://otvet.mail.ru/api/pictures/images/e7e30535dd6928e0502159514721521b8afe5817100d6b9621b904ad2d73a815096fe182dfa83b8e3c33e7e26804ebd8.jpg?size=origin,Сборная Домашка
139,9431cf99bf3df3172044f9a3bf519c6fabe720363e5e0c2f37e648f738810cec855979c785e28c940cd7486918b9f369,267884915,https://otvet.mail.ru/api/pictures/images/9431cf99bf3df3172044f9a3bf519c6fabe720363e5e0c2f37e648f738810cec855979c785e28c940cd7486918b9f369.jpg?size=origin,Свадьба!
140,1420fe76b1554351a629c7c0ddea25a7b4712b71827ccdf202c9817f0bbaf0df081d36c2d6f3a3ff831e2b512dc9936c,267885014,https://otvet.mail.ru/api/pictures/images/1420fe76b1554351a629c7c0ddea25a7b4712b71827ccdf202c9817f0bbaf0df081d36c2d6f3a3ff831e2b512dc9936c.jpg?size=origin,Проблемы с ПК и интернетом
141,ddd871ef4501657526507581b0583139d3a4eddf59d8271a9093a945c905062cc272c0c007a8d180ce4dac5434409cf3,267885074,https://otvet.mail.ru/api/pictures/images/ddd871ef4501657526507581b0583139d3a4eddf59d8271a9093a945c905062cc272c0c007a8d180ce4dac5434409cf3.jpg?size=origin,Наша флора
142,945de2b0ceab3403235ba3124b9958100887945e64c68cb298ea93e6d7be4acb0be2e093926ae6869635b5f294fb7e42,267885092,https://otvet.mail.ru/api/pictures/images/945de2b0ceab3403235ba3124b9958100887945e64c68cb298ea93e6d7be4acb0be2e093926ae6869635b5f294fb7e42.jpg?size=origin,А сейчас что-то совсем другое
143,a812497adbf0a075cb699d99fc4eeea69b82c2a2a97c45bc694d5fb23514d4e11f36fd25ed7d212f89024f9375df981f,267885119,https://otvet.mail.ru/api/pictures/images/a812497adbf0a075cb699d99fc4eeea69b82c2a2a97c45bc694d5fb23514d4e11f36fd25ed7d212f89024f9375df981f.jpg?size=origin,Любая техника
144,2c94e5aaca6ab017639a0e33589fbf2eac984b0da12d00390582870537601b45be5ccbcb0c5dee87f5ef88c538468326,267885163,https://otvet.mail.ru/api/pictures/images/2c94e5aaca6ab017639a0e33589fbf2eac984b0da12d00390582870537601b45be5ccbcb0c5dee87f5ef88c538468326.jpg?size=origin,А сейчас что-то совсем другое
145,32c5b8196deba5e68e1304feb014884ae0712c6d9cfaf81f98812e00d8a9ddd02ad296f527bf59121731d4393bdfccd5,267885188,https://otvet.mail.ru/api/pictures/images/32c5b8196deba5e68e1304feb014884ae0712c6d9cfaf81f98812e00d8a9ddd02ad296f527bf59121731d4393bdfccd5.jpg?size=origin,От колыбели до сада
146,89eb99f987c4447a88e28b1ddecd1118455b3bff2b3cb41669993d9bf226d7cff150e9056f9b8cc1c5ff813143f11ad7,267885201,https://otvet.mail.ru/api/pictures/images/89eb99f987c4447a88e28b1ddecd1118455b3bff2b3cb41669993d9bf226d7cff150e9056f9b8cc1c5ff813143f11ad7.jpg?size=origin,А сейчас что-то совсем другое
147,ebf31dd55d6d37fa44813bcb888f100db93259af2f9358cb8c47b37689d4164a3193553f29a3cf767bbd8cf7d0785f95,267885210,https://otvet.mail.ru/api/pictures/images/ebf31dd55d6d37fa44813bcb888f100db93259af2f9358cb8c47b37689d4164a3193553f29a3cf767bbd8cf7d0785f95.jpg?size=origin,А сейчас что-то совсем другое
148,71be8b6fbef1301497ad0a871bd64c03f45f4414db6a4eb862d7506834b04dd713f2605f58621276b0a065b0f148aa0e,267885249,https://otvet.mail.ru/api/pictures/images/71be8b6fbef1301497ad0a871bd64c03f45f4414db6a4eb862d7506834b04dd713f2605f58621276b0a065b0f148aa0e.jpg?size=origin,Время игр
149,03868a30ebbdadd76b5f01e705280419c4a5186afe579237f403b9b7b333e21cf5115f5cc97d489f6b54d888c3b10260,267885262,https://otvet.mail.ru/api/pictures/images/03868a30ebbdadd76b5f01e705280419c4a5186afe579237f403b9b7b333e21cf5115f5cc97d489f6b54d888c3b10260.jpg?size=origin,Сериалы и телешоу
150,22fc67d55a01bddb5b421ed3d3435718bb9b435e2b3f65ecf68926419b49bb092ac11394ffcc25f1c675564a402f7fb7,267885275,https://otvet.mail.ru/api/pictures/images/22fc67d55a01bddb5b421ed3d3435718bb9b435e2b3f65ecf68926419b49bb092ac11394ffcc25f1c675564a402f7fb7.jpg?size=origin,Сериалы и телешоу
151,1999299f351e7e9b8408b8b1d66025eb87004f6e519c97ae73d758d34e3ea2ba0c12994e80e7cfbbca8a5796b7f16eee,267885323,https://otvet.mail.ru/api/pictures/images/1999299f351e7e9b8408b8b1d66025eb87004f6e519c97ae73d758d34e3ea2ba0c12994e80e7cfbbca8a5796b7f16eee.jpg?size=origin,Время игр
152,81ec9ee9a5d80efedf624bc9097b87d27040d915a9ad86803c945dbc48bf688cc1f55b237b996f2102f0384915781b5a,267885376,https://otvet.mail.ru/api/pictures/images/81ec9ee9a5d80efedf624bc9097b87d27040d915a9ad86803c945dbc48bf688cc1f55b237b996f2102f0384915781b5a.jpg?size=origin,GTA
153,fda503af19f485e6128ef84cf6ea7bd33ab7870f70da284fd36f4d29059ea6e9fe4808866063e9d197c68845678552a8,267885411,https://otvet.mail.ru/api/pictures/images/fda503af19f485e6128ef84cf6ea7bd33ab7870f70da284fd36f4d29059ea6e9fe4808866063e9d197c68845678552a8.jpg?size=origin,А сейчас что-то совсем другое
154,c16dfd08dc8d3d74200ad82b0ab38cca12b567a3190bd6ce678112f4d49a51ef3eab1e854be502ea1113341f59720778,267885472,https://otvet.mail.ru/api/pictures/images/c16dfd08dc8d3d74200ad82b0ab38cca12b567a3190bd6ce678112f4d49a51ef3eab1e854be502ea1113341f59720778.jpg?size=origin,Сборная Домашка
155,09346f1ff206ddac21ff24d0442acdadcb64d47bb6292a4c1ec98c8ff89bc690fa42dae3c4ab4861ebdbc058a95319ec,267885498,https://otvet.mail.ru/api/pictures/images/09346f1ff206ddac21ff24d0442acdadcb64d47bb6292a4c1ec98c8ff89bc690fa42dae3c4ab4861ebdbc058a95319ec.jpg?size=origin,"Волосы, как искусство"
156,25490182f035ec3dff1a7d4671e7b6ae43100a1ae0c338c2b1a64d9fe49013eeab1d030b63294bddb4ececa053fad7e0,267885515,https://otvet.mail.ru/api/pictures/images/25490182f035ec3dff1a7d4671e7b6ae43100a1ae0c338c2b1a64d9fe49013eeab1d030b63294bddb4ececa053fad7e0.jpg?size=origin,Киномания
157,b954b447955e5ba5391fa0d1fd4fe3587d7573dc95569a401fe6caf678f0d8d2cc9a5774791849ecf9f3533ec23cacf3,267885576,https://otvet.mail.ru/api/pictures/images/b954b447955e5ba5391fa0d1fd4fe3587d7573dc95569a401fe6caf678f0d8d2cc9a5774791849ecf9f3533ec23cacf3.jpg?size=origin,Товары и маркетплейсы
158,74822dfc0710b2669ef29c7948a74bfe14ab715bc4209ce7a9b3f4a83ee6e29115800fad9eb86c0c3e6fa5d87412ecd6,267885587,https://otvet.mail.ru/api/pictures/images/74822dfc0710b2669ef29c7948a74bfe14ab715bc4209ce7a9b3f4a83ee6e29115800fad9eb86c0c3e6fa5d87412ecd6.jpg?size=origin,Политические дебаты
159,fe10abeb1cc3c3668996480f914137a9fb3205c86261d852e60f8dd3654cb21aefcdd9ee73f4acc44ca265f1106eaeea,267885634,https://otvet.mail.ru/api/pictures/images/fe10abeb1cc3c3668996480f914137a9fb3205c86261d852e60f8dd3654cb21aefcdd9ee73f4acc44ca265f1106eaeea.jpg?size=origin,Мир и его люди
160,b495de70fdc04ad6304959058654e0448ee81f27456a3c8c9d65fc350c8b7633f0eee10a852eae055ee2346cbc1bb1a7,267885656,https://otvet.mail.ru/api/pictures/images/b495de70fdc04ad6304959058654e0448ee81f27456a3c8c9d65fc350c8b7633f0eee10a852eae055ee2346cbc1bb1a7.jpg?size=origin,Смартфоны
161,45bcf43dede93e70f03bb620994571e555b902ab6625830d78fd6a4cfcca98a4641c820659680eeb1ff1d1328e4e4e93,267885690,https://otvet.mail.ru/api/pictures/images/45bcf43dede93e70f03bb620994571e555b902ab6625830d78fd6a4cfcca98a4641c820659680eeb1ff1d1328e4e4e93.jpg?size=origin,А сейчас что-то совсем другое
162,cda4152b1248e228f34108b84401b013bfa1085491682a3aa4a55c7887171ee220c6dc43edb43fb20ae441ac218a4855,267885694,https://otvet.mail.ru/api/pictures/images/cda4152b1248e228f34108b84401b013bfa1085491682a3aa4a55c7887171ee220c6dc43edb43fb20ae441ac218a4855.jpg?size=origin,А сейчас что-то совсем другое
163,754c8baf68eb9edeb4456e21760e2206be7ac9a513fdd4b5d3d4d95ccbbb87b2e12d1406019fe4749a2927cb551cfbce,267885731,https://otvet.mail.ru/api/pictures/images/754c8baf68eb9edeb4456e21760e2206be7ac9a513fdd4b5d3d4d95ccbbb87b2e12d1406019fe4749a2927cb551cfbce.jpg?size=origin,А сейчас что-то совсем другое
164,028923406f57d1e2061719bd1566be9715f1c6a760af548b277c275509060e6627b744a667c6da8a0f35446d16847da8,267885740,https://otvet.mail.ru/api/pictures/images/028923406f57d1e2061719bd1566be9715f1c6a760af548b277c275509060e6627b744a667c6da8a0f35446d16847da8.jpg?size=origin,Политические дебаты
165,60ce62c68d0e2d26956fe127e3e71824f0fa8c71fb3663a9879b9d3a4e14e251cbd245a95caa569193e812bd2b12c8bf,267885757,https://otvet.mail.ru/api/pictures/images/60ce62c68d0e2d26956fe127e3e71824f0fa8c71fb3663a9879b9d3a4e14e251cbd245a95caa569193e812bd2b12c8bf.jpg?size=origin,А сейчас что-то совсем другое
166,67da47a80313b2cde363a1187db0b517a551c1dffa40b3c73d3b711c705efb26c3d5176feab463dd27967be4212fe9d6,267885868,https://otvet.mail.ru/api/pictures/images/67da47a80313b2cde363a1187db0b517a551c1dffa40b3c73d3b711c705efb26c3d5176feab463dd27967be4212fe9d6.jpg?size=origin,От колыбели до сада
167,4ce93d9423b2062fd13b9181f50fbf88b1376a6f417bef6c67d52d68dd3aca638a483c758eee9f5fb39960f8a478b95f,267885907,https://otvet.mail.ru/api/pictures/images/4ce93d9423b2062fd13b9181f50fbf88b1376a6f417bef6c67d52d68dd3aca638a483c758eee9f5fb39960f8a478b95f.jpg?size=origin,Электроника и электротехника
168,18cbd071586bc4fc03e2e2fba47fb7513c6c1f8ad207922b27788fcac37c603ff33011fdbd996e22ed3b1dd888bbc5aa,267885919,https://otvet.mail.ru/api/pictures/images/18cbd071586bc4fc03e2e2fba47fb7513c6c1f8ad207922b27788fcac37c603ff33011fdbd996e22ed3b1dd888bbc5aa.jpg?size=origin,А сейчас что-то совсем другое
169,0626fa772c633afa12ca586675648395436e483209e3fa995c44ac5731755ceb1d3f7b218edf7aea74b4e9a8d26d8f0d,267885942,https://otvet.mail.ru/api/pictures/images/0626fa772c633afa12ca586675648395436e483209e3fa995c44ac5731755ceb1d3f7b218edf7aea74b4e9a8d26d8f0d.jpg?size=origin,Сборная Домашка
170,b784a60f39924bd57cd384d07f56cd598d0ec1e292a4f12fda86d4023731928aa742cbf759255bfae325c1fb3014ed92,267885945,https://otvet.mail.ru/api/pictures/images/b784a60f39924bd57cd384d07f56cd598d0ec1e292a4f12fda86d4023731928aa742cbf759255bfae325c1fb3014ed92.jpg?size=origin,Физика
171,2e97258afd0725698e9f516ae4311e071ced2ae13dbc3df283accb4e814657733f7f05926f077c60af8328df2bfaaed5,267885984,https://otvet.mail.ru/api/pictures/images/2e97258afd0725698e9f516ae4311e071ced2ae13dbc3df283accb4e814657733f7f05926f077c60af8328df2bfaaed5.jpg?size=origin,А сейчас что-то совсем другое
172,4f7251bd678d26712c2b1206f58f2406312fc19f337ee7c2f88ccc4128c10a7e5ef44fffbf345190a0ac4911838441e4,267886063,https://otvet.mail.ru/api/pictures/images/4f7251bd678d26712c2b1206f58f2406312fc19f337ee7c2f88ccc4128c10a7e5ef44fffbf345190a0ac4911838441e4.jpg?size=origin,Все про бизнес
173,1462b45ae581b9df30b8e346b695b1dbe1fe30440bbd6971267be36cb4777b961bf51261c67563f5da3f58602a030467,267886115,https://otvet.mail.ru/api/pictures/images/1462b45ae581b9df30b8e346b695b1dbe1fe30440bbd6971267be36cb4777b961bf51261c67563f5da3f58602a030467.jpg?size=origin,А сейчас что-то совсем другое
174,739cd2c56c50f21cf335913f275d1695a57454af8ade2faa164a36e19196ce84d012f513b0ba5afa511899ef5fe6fefe,267886128,https://otvet.mail.ru/api/pictures/images/739cd2c56c50f21cf335913f275d1695a57454af8ade2faa164a36e19196ce84d012f513b0ba5afa511899ef5fe6fefe.jpg?size=origin,Просто установи
175,1e7c0221bf58bac01c73a975e6ec31761773741ee9617cf6226eda8ab5644b882671c61f1a79070807f018230b952ddc,267886156,https://otvet.mail.ru/api/pictures/images/1e7c0221bf58bac01c73a975e6ec31761773741ee9617cf6226eda8ab5644b882671c61f1a79070807f018230b952ddc.jpg?size=origin,Roblox
176,2b95a27ed242aac82065b6dee5c906197f5669a01dd392d0ae3cd43841bb2619e72fe0c122d50bff1843741998101717,267886176,https://otvet.mail.ru/api/pictures/images/2b95a27ed242aac82065b6dee5c906197f5669a01dd392d0ae3cd43841bb2619e72fe0c122d50bff1843741998101717.jpg?size=origin,А сейчас что-то совсем другое
177,7be7ca151bc4464cb69346e24f61e440183f3cc26107d3ca453b2333491cf3b0d462941afd96c9c122bc16264adf0fa7,267886180,https://otvet.mail.ru/api/pictures/images/7be7ca151bc4464cb69346e24f61e440183f3cc26107d3ca453b2333491cf3b0d462941afd96c9c122bc16264adf0fa7.jpg?size=origin,А сейчас что-то совсем другое
178,e77e46d9dfaa30274983ec72a18177f1896f6247181e4f6309544ab102d78232d023b8568b09c981186861833136c18e,267886216,https://otvet.mail.ru/api/pictures/images/e77e46d9dfaa30274983ec72a18177f1896f6247181e4f6309544ab102d78232d023b8568b09c981186861833136c18e.jpg?size=origin,Minecraft
179,0a4c91a0c7d76cd8a3c7b00f6aaea1bee3325c248112f73656caa068c399a69e0492c9798aab5fbfe13d62e4a4696970,267886245,https://otvet.mail.ru/api/pictures/images/0a4c91a0c7d76cd8a3c7b00f6aaea1bee3325c248112f73656caa068c399a69e0492c9798aab5fbfe13d62e4a4696970.jpg?size=origin,А сейчас что-то совсем другое
180,67d37a191c3c5e0a007618b37672082d38d97511677d6418d5006c5df42ab09d75062512dd103c59372549bb25c69362,267886270,https://otvet.mail.ru/api/pictures/images/67d37a191c3c5e0a007618b37672082d38d97511677d6418d5006c5df42ab09d75062512dd103c59372549bb25c69362.jpg?size=origin,Мир и его люди
181,6d315e2fb3c52ca842509d63a6fff9db4137fa1a354856d10a244bb7f108767b54ce8e381dc8e0c82dea900323850968,267886289,https://otvet.mail.ru/api/pictures/images/6d315e2fb3c52ca842509d63a6fff9db4137fa1a354856d10a244bb7f108767b54ce8e381dc8e0c82dea900323850968.jpg?size=origin,Политические дебаты
182,ea4f346f870ca4c53787c1b69c1ce62a47c0ebbaa151088706edc006a9390b336a864e9f47820be99ae34fca2cead2e9,267886311,https://otvet.mail.ru/api/pictures/images/ea4f346f870ca4c53787c1b69c1ce62a47c0ebbaa151088706edc006a9390b336a864e9f47820be99ae34fca2cead2e9.jpg?size=origin,Сборная Домашка
183,4f9fe9651ed7dc5c8eb8c77b16ca538b600b686218654ee53983f6d4819439c523996acc642b10db4b6c8824a40edd01,267886317,https://otvet.mail.ru/api/pictures/images/4f9fe9651ed7dc5c8eb8c77b16ca538b600b686218654ee53983f6d4819439c523996acc642b10db4b6c8824a40edd01.jpg?size=origin,Психология и жизнь
184,b7022fe7f1b746f1242e02446229fb2d522ae9e24404ceb94862104c54e84884776f764a9955916fef2aec1bff57525d,267886339,https://otvet.mail.ru/api/pictures/images/b7022fe7f1b746f1242e02446229fb2d522ae9e24404ceb94862104c54e84884776f764a9955916fef2aec1bff57525d.jpg?size=origin,А сейчас что-то совсем другое
185,23d6f3b290b18b9aa51f57762877b3f6f12a5e7c34b108dd8592b38b434254dc5d8e6d931a77bfb94ef419db82bb0b20,267886342,https://otvet.mail.ru/api/pictures/images/23d6f3b290b18b9aa51f57762877b3f6f12a5e7c34b108dd8592b38b434254dc5d8e6d931a77bfb94ef419db82bb0b20.jpg?size=origin,"Дизайн, рисование, искусство"
186,7fcb6556b32e4adc57a9d48c84721fbf8c378d5f117f78b6b6a38379589fa6c9539a0300bb469f3a87cff0941626d460,267886363,https://otvet.mail.ru/api/pictures/images/7fcb6556b32e4adc57a9d48c84721fbf8c378d5f117f78b6b6a38379589fa6c9539a0300bb469f3a87cff0941626d460.jpg?size=origin,Мир и его люди
187,9567c5993bd557efa1598b42ca72aed5b76cd51ab963285ee1dead18c2bb014dd3a36a81b9607e354095680490d73222,267886385,https://otvet.mail.ru/api/pictures/images/9567c5993bd557efa1598b42ca72aed5b76cd51ab963285ee1dead18c2bb014dd3a36a81b9607e354095680490d73222.jpg?size=origin,Красота 360
188,d790c22c51ddf0d8ead169d7b178624b36e27b39de4188b0b19b6f0523a1d777c331df36444c7a5297b19c17207c259b,267886396,https://otvet.mail.ru/api/pictures/images/d790c22c51ddf0d8ead169d7b178624b36e27b39de4188b0b19b6f0523a1d777c331df36444c7a5297b19c17207c259b.jpg?size=origin,Электроника и электротехника
189,93329b38a47c58c75a6507510ffe124574f84f2e85f28308cf44e1bb8107fb5bc9dbe1f8e024c3e424a91dfa43c9ae38,267886402,https://otvet.mail.ru/api/pictures/images/93329b38a47c58c75a6507510ffe124574f84f2e85f28308cf44e1bb8107fb5bc9dbe1f8e024c3e424a91dfa43c9ae38.jpg?size=origin,Мир и его люди
190,ed46e71e78b6856091710d19ec639ada41e57f4a672287d6baf94ab0db54b8cdb4069c331ef24be9e099b811fc7e86b5,267886403,https://otvet.mail.ru/api/pictures/images/ed46e71e78b6856091710d19ec639ada41e57f4a672287d6baf94ab0db54b8cdb4069c331ef24be9e099b811fc7e86b5.jpg?size=origin,А сейчас что-то совсем другое
191,6f3bf87568af8736a806be4ebe673e5e7f14cb3cb766ddc0784d7b226ec93c9cd48f03b1af53e0a5f4bc5accf114625c,267886479,https://otvet.mail.ru/api/pictures/images/6f3bf87568af8736a806be4ebe673e5e7f14cb3cb766ddc0784d7b226ec93c9cd48f03b1af53e0a5f4bc5accf114625c.jpg?size=origin,А сейчас что-то совсем другое
192,7f81fd91a64860a26ad134cd74a0863d48091afa59ed2cc7f3c1761d811ae992ff2c9b070451676ad8681e3e357ec1bb,267886504,https://otvet.mail.ru/api/pictures/images/7f81fd91a64860a26ad134cd74a0863d48091afa59ed2cc7f3c1761d811ae992ff2c9b070451676ad8681e3e357ec1bb.jpg?size=origin,А сейчас что-то совсем другое
193,2f397723516ef09e8beb04042ec2485b892cd3c76339ac979e02fc9625c48c10c6c24f74a6cb19350761451a4edf66ab,267886515,https://otvet.mail.ru/api/pictures/images/2f397723516ef09e8beb04042ec2485b892cd3c76339ac979e02fc9625c48c10c6c24f74a6cb19350761451a4edf66ab.jpg?size=origin,А сейчас что-то совсем другое
194,48adcf0819e8f11c9903be6b25531a1df09d94986daf6b6d670786c31a86b123f23a48bb767a7965f4dfe4e45b487792,267886520,https://otvet.mail.ru/api/pictures/images/48adcf0819e8f11c9903be6b25531a1df09d94986daf6b6d670786c31a86b123f23a48bb767a7965f4dfe4e45b487792.jpg?size=origin,Трушный спорт
195,0f80b8fc5ceffc045c2f0b1d65f5c47459c7014c38b014f9ad2f57d73a716cdf9c3050603b5d112ce55e36efc2ace8c7,267886561,https://otvet.mail.ru/api/pictures/images/0f80b8fc5ceffc045c2f0b1d65f5c47459c7014c38b014f9ad2f57d73a716cdf9c3050603b5d112ce55e36efc2ace8c7.jpg?size=origin,Закон и порядок
196,11807d27f299aca874ca2dcf72e4ae16fb3ed7f6d5641e78ed3dc42a775e12054995805b23ec8cd3d20d9751e547d2ad,267886563,https://otvet.mail.ru/api/pictures/images/11807d27f299aca874ca2dcf72e4ae16fb3ed7f6d5641e78ed3dc42a775e12054995805b23ec8cd3d20d9751e547d2ad.jpg?size=origin,А сейчас что-то совсем другое
197,7a1d1c4f40e9fc366ef0dc356ebf8206180b13c99e60c94487a04af98a2bbbfafc58b876ecf702e90203faf943f2a170,267886566,https://otvet.mail.ru/api/pictures/images/7a1d1c4f40e9fc366ef0dc356ebf8206180b13c99e60c94487a04af98a2bbbfafc58b876ecf702e90203faf943f2a170.jpg?size=origin,А сейчас что-то совсем другое
198,9aa957f562bd9b68a5f6b2507b2bdbda36dd18c84233881321d13a35ba65d7aea61949fdb2e4d14bc77d513c9ca3208f,267886607,https://otvet.mail.ru/api/pictures/images/9aa957f562bd9b68a5f6b2507b2bdbda36dd18c84233881321d13a35ba65d7aea61949fdb2e4d14bc77d513c9ca3208f.jpg?size=origin,Все про бизнес
199,e5ac9f4295e49c2253ebb42bcc62052141860a7d8c48e4cec2a01d7cb8d508500c9c3bd59eba34840e4cc393f4ef7c08,267886636,https://otvet.mail.ru/api/pictures/images/e5ac9f4295e49c2253ebb42bcc62052141860a7d8c48e4cec2a01d7cb8d508500c9c3bd59eba34840e4cc393f4ef7c08.jpg?size=origin,Сборная Домашка
200,8c458c56a2f8114758c345db519e8612eae23987c9b8afa7e65bd95096fa32a3ea0b2b783862bc3ada11101ea83686b3,267886643,https://otvet.mail.ru/api/pictures/images/8c458c56a2f8114758c345db519e8612eae23987c9b8afa7e65bd95096fa32a3ea0b2b783862bc3ada11101ea83686b3.jpg?size=origin,Просто установи
201,e36aabef368d986486f3c670516ab05a4bbf69a0147527091170cea958e712ae61ae05ab52083c5113ab5c568f23ea67,267886677,https://otvet.mail.ru/api/pictures/images/e36aabef368d986486f3c670516ab05a4bbf69a0147527091170cea958e712ae61ae05ab52083c5113ab5c568f23ea67.jpg?size=origin,Собираем компьютеры
202,8b02e72e8bf428efa47b94056ff8cabdf224add06cbe8fadac5b73232eca09e42d69c93e860cfc0a845dbc8a979125ab,267886690,https://otvet.mail.ru/api/pictures/images/8b02e72e8bf428efa47b94056ff8cabdf224add06cbe8fadac5b73232eca09e42d69c93e860cfc0a845dbc8a979125ab.jpg?size=origin,А сейчас что-то совсем другое
203,6a3ff0f906c40912f119a3603d4ad7ab029bef01cb846ab7a63d5a692dc233de8a10978a960873e4f87573a55acfc818,267886712,https://otvet.mail.ru/api/pictures/images/6a3ff0f906c40912f119a3603d4ad7ab029bef01cb846ab7a63d5a692dc233de8a10978a960873e4f87573a55acfc818.jpg?size=origin,А сейчас что-то совсем другое
204,1f549c183fd7c2ae321e5e044ee8eed0076b2193c16180fa3be743115b445c225fde1ac7a3dd4fe8f405840dd05ec07d,267886732,https://otvet.mail.ru/api/pictures/images/1f549c183fd7c2ae321e5e044ee8eed0076b2193c16180fa3be743115b445c225fde1ac7a3dd4fe8f405840dd05ec07d.jpg?size=origin,Roblox
205,d9762315174f47d042f1de6f1521a974abe1d61b7a267122e1aad20ffe59fec427737dc8b9b64a1a0b1aaca60dee83f0,267886735,https://otvet.mail.ru/api/pictures/images/d9762315174f47d042f1de6f1521a974abe1d61b7a267122e1aad20ffe59fec427737dc8b9b64a1a0b1aaca60dee83f0.jpg?size=origin,Время игр
206,0449aa92d7644af1102c5f216ccd48b866d30e5732cd8956e2d44a055777c3f6c7bc29747e69f8073a62b6c4928fd6b2,267886784,https://otvet.mail.ru/api/pictures/images/0449aa92d7644af1102c5f216ccd48b866d30e5732cd8956e2d44a055777c3f6c7bc29747e69f8073a62b6c4928fd6b2.jpg?size=origin,А сейчас что-то совсем другое
207,00f9855b6807747b0e64e66f645f37e5e49cb1b54057d907f2ea198f6f1bda6144e9c42752dfdb1ea0adf201df9479c9,267886801,https://otvet.mail.ru/api/pictures/images/00f9855b6807747b0e64e66f645f37e5e49cb1b54057d907f2ea198f6f1bda6144e9c42752dfdb1ea0adf201df9479c9.jpg?size=origin,Стиль и фэшн
208,18df19a5d6810f484755d1d1144b6b561db1a1423aa7c4bd49e83079b1cd8216b4942dcbebc86ac4ea8ff36e70d792e7,267886958,https://otvet.mail.ru/api/pictures/images/18df19a5d6810f484755d1d1144b6b561db1a1423aa7c4bd49e83079b1cd8216b4942dcbebc86ac4ea8ff36e70d792e7.jpg?size=origin,А сейчас что-то совсем другое
209,ff28a3b3a32220defb6e495e8bbfb8da4508784de775c8c92b9f60ab47e0ed453066edb655a5321d4421615d5b0b5104,267887027,https://otvet.mail.ru/api/pictures/images/ff28a3b3a32220defb6e495e8bbfb8da4508784de775c8c92b9f60ab47e0ed453066edb655a5321d4421615d5b0b5104.jpg?size=origin,Сборная Домашка
210,c502129c416296982d839fa063187bda222173b9cca74a19e1c1a50505e9c8b228cbfec22500b52d59c7e79ba4cf52aa,267887036,https://otvet.mail.ru/api/pictures/images/c502129c416296982d839fa063187bda222173b9cca74a19e1c1a50505e9c8b228cbfec22500b52d59c7e79ba4cf52aa.jpg?size=origin,Сборная Домашка
211,73bd4a6f6ab5d77608d6aa3e02d75b10bf6dc09723f24125db299f2d3607a4226c345362d13aa1c7e9383d44b6792566,267887044,https://otvet.mail.ru/api/pictures/images/73bd4a6f6ab5d77608d6aa3e02d75b10bf6dc09723f24125db299f2d3607a4226c345362d13aa1c7e9383d44b6792566.jpg?size=origin,О любви без купюр
212,3c94c80090869465ae914995ee8caf43f5cda03ec3be862db5ff01e959fb43d52c6a1ab829a9cd87691d0b100d4f3833,267887066,https://otvet.mail.ru/api/pictures/images/3c94c80090869465ae914995ee8caf43f5cda03ec3be862db5ff01e959fb43d52c6a1ab829a9cd87691d0b100d4f3833.jpg?size=origin,А сейчас что-то совсем другое
213,4aa68a5532e95fa3e7e29fc63c509a43eee7fb9ff60a3774db1ac4396f3af0ccb8fb8e9aef61869eb264482e4cbf180c,267887087,https://otvet.mail.ru/api/pictures/images/4aa68a5532e95fa3e7e29fc63c509a43eee7fb9ff60a3774db1ac4396f3af0ccb8fb8e9aef61869eb264482e4cbf180c.jpg?size=origin,Психология и жизнь
214,48ab51b75365a3af568afb66d02109a58c1ad94fd5dc3c3712ff988afebe3af72790a629508088f18ab8c43f67a23f20,267887111,https://otvet.mail.ru/api/pictures/images/48ab51b75365a3af568afb66d02109a58c1ad94fd5dc3c3712ff988afebe3af72790a629508088f18ab8c43f67a23f20.jpg?size=origin,А сейчас что-то совсем другое
215,134b36035c88c55b02873e30e4529b14d59e0bafe1fd7416a8df7cadf52c36e2db26c193e300535858c323430bb0255a,267887117,https://otvet.mail.ru/api/pictures/images/134b36035c88c55b02873e30e4529b14d59e0bafe1fd7416a8df7cadf52c36e2db26c193e300535858c323430bb0255a.jpg?size=origin,Время игр
216,d5d694cb96657371ef52cd0934891caaf78f598ce4cd7de22bcbe13e4ffd7d43e3c43e22ecf22bc491becd42e7d1d5aa,267887129,https://otvet.mail.ru/api/pictures/images/d5d694cb96657371ef52cd0934891caaf78f598ce4cd7de22bcbe13e4ffd7d43e3c43e22ecf22bc491becd42e7d1d5aa.jpg?size=origin,Космос и Вселенная
217,f561d966046e9fc5c18a5d8e2110d044130438c4359d77cbfaf1010641ae6be299069ed837c844efe3d8bf84063bf360,267887141,https://otvet.mail.ru/api/pictures/images/f561d966046e9fc5c18a5d8e2110d044130438c4359d77cbfaf1010641ae6be299069ed837c844efe3d8bf84063bf360.jpg?size=origin,Информационные технологии
218,43047f9d8c616278db8d56a6a6f8cd785820b9c4708ac8fe60a2bc37fdbee00cfd11e0bf520c2d2b734ada92a6ef8604,267887175,https://otvet.mail.ru/api/pictures/images/43047f9d8c616278db8d56a6a6f8cd785820b9c4708ac8fe60a2bc37fdbee00cfd11e0bf520c2d2b734ada92a6ef8604.jpg?size=origin,А сейчас что-то совсем другое
219,1dde26ef6f54eb7a03a3d7a440dba97bd54983914fe26c078ed3345f789a290be2ba8f6052b28531de46bc93e6d2cf34,267887197,https://otvet.mail.ru/api/pictures/images/1dde26ef6f54eb7a03a3d7a440dba97bd54983914fe26c078ed3345f789a290be2ba8f6052b28531de46bc93e6d2cf34.jpg?size=origin,Политические дебаты
220,dc7c65172a9e5772319e05ac42a2cc8e69243ac0ad32c0bef7c3f93e9c2771de03c461cb95dc5d2c450cae1cc4f13e06,267887212,https://otvet.mail.ru/api/pictures/images/dc7c65172a9e5772319e05ac42a2cc8e69243ac0ad32c0bef7c3f93e9c2771de03c461cb95dc5d2c450cae1cc4f13e06.jpg?size=origin,А сейчас что-то совсем другое
221,e8a06f884d354adc2a05cf08385d2ecd4fdefdbd2253421e90a4894f7378d78b2171ae2691922211c5dc7eb3006d4391,267887222,https://otvet.mail.ru/api/pictures/images/e8a06f884d354adc2a05cf08385d2ecd4fdefdbd2253421e90a4894f7378d78b2171ae2691922211c5dc7eb3006d4391.jpg?size=origin,А сейчас что-то совсем другое
222,3c459a5c43dddf76ee486479c5a31c4d096a872bbb63abcc099b6f8e9d5d690aa91461250221c65fb99e2341bb074e4b,267887227,https://otvet.mail.ru/api/pictures/images/3c459a5c43dddf76ee486479c5a31c4d096a872bbb63abcc099b6f8e9d5d690aa91461250221c65fb99e2341bb074e4b.jpg?size=origin,Электроника и электротехника
223,84695c6b7bc48a027ec32fbcfd90b6ffef2ae7ec9f9cf6a0780aa9d2bf346398cc885aa5a728dce5e55604a41691c6ba,267887250,https://otvet.mail.ru/api/pictures/images/84695c6b7bc48a027ec32fbcfd90b6ffef2ae7ec9f9cf6a0780aa9d2bf346398cc885aa5a728dce5e55604a41691c6ba.jpg?size=origin,Время музыки
224,5d7f5f8ae2b7a7938878d2c87c7a8c4939de81d8f2d45563e08d3f50a80b4b6332d580821cde3c0a85664237109f94e6,267887254,https://otvet.mail.ru/api/pictures/images/5d7f5f8ae2b7a7938878d2c87c7a8c4939de81d8f2d45563e08d3f50a80b4b6332d580821cde3c0a85664237109f94e6.jpg?size=origin,А сейчас что-то совсем другое
225,6a47204e87f972d25b177756fe3d2f82ba313f4e5edbcdec4f242f51bf6cf078487aa0cdffcc71c5c2ee8e37946587cf,267887258,https://otvet.mail.ru/api/pictures/images/6a47204e87f972d25b177756fe3d2f82ba313f4e5edbcdec4f242f51bf6cf078487aa0cdffcc71c5c2ee8e37946587cf.jpg?size=origin,Политические дебаты
226,3d2d2d258ea094f68ebdd6b5ea7dc3fee33e9df013fcb674acd5c50c05bd55ad71ea082e688696ce6857b34789ab9935,267887263,https://otvet.mail.ru/api/pictures/images/3d2d2d258ea094f68ebdd6b5ea7dc3fee33e9df013fcb674acd5c50c05bd55ad71ea082e688696ce6857b34789ab9935.jpg?size=origin,А сейчас что-то совсем другое
227,4f2130ce4639badab5da362b79603c1fe19ddc044b33580997f5f921f12c5e4170634b72bbfcf7a526a5ef1f82ac17d5,267887310,https://otvet.mail.ru/api/pictures/images/4f2130ce4639badab5da362b79603c1fe19ddc044b33580997f5f921f12c5e4170634b72bbfcf7a526a5ef1f82ac17d5.jpg?size=origin,Занимательная экономика
228,dc7c65172a9e5772319e05ac42a2cc8e69243ac0ad32c0bef7c3f93e9c2771de03c461cb95dc5d2c450cae1cc4f13e06,267887330,https://otvet.mail.ru/api/pictures/images/dc7c65172a9e5772319e05ac42a2cc8e69243ac0ad32c0bef7c3f93e9c2771de03c461cb95dc5d2c450cae1cc4f13e06.jpg?size=origin,А сейчас что-то совсем другое
229,7e3b337f77e167ea30dac3ea1302900dcedeaafbf71bdad310b32867848959bd382dbe29f22b6218541849d3899662ff,267887339,https://otvet.mail.ru/api/pictures/images/7e3b337f77e167ea30dac3ea1302900dcedeaafbf71bdad310b32867848959bd382dbe29f22b6218541849d3899662ff.jpg?size=origin,Проблемы с ПК и интернетом
230,fc72c268cefaff93f8669d867e2c38b97b70b4ef7922e9e009bbd246c0e56dd471fcd0f65c62c9970cb74e09adc959dd,267887345,https://otvet.mail.ru/api/pictures/images/fc72c268cefaff93f8669d867e2c38b97b70b4ef7922e9e009bbd246c0e56dd471fcd0f65c62c9970cb74e09adc959dd.jpg?size=origin,Наука
231,39d7885fbc85895eb72672496a00b1585342855bf0353a7f55d235223545491dfe6dd988413e9f01ac0b5ac59098c62f,267887365,https://otvet.mail.ru/api/pictures/images/39d7885fbc85895eb72672496a00b1585342855bf0353a7f55d235223545491dfe6dd988413e9f01ac0b5ac59098c62f.jpg?size=origin,Философский вопрос
232,568c37ae633e669c35dd1d81aa348c82914b6c0018759b42a9b1006d9311120cc3b8e00801c05d3fd6f987ab5bbc38eb,267887392,https://otvet.mail.ru/api/pictures/images/568c37ae633e669c35dd1d81aa348c82914b6c0018759b42a9b1006d9311120cc3b8e00801c05d3fd6f987ab5bbc38eb.jpg?size=origin,Roblox
233,3876e1a57a9fd6d4abbaec1ad0105f1f329c09886988e9f232140a7d79744cfe4b80e9e0ed4b87e1e4678d41437dda04,267887415,https://otvet.mail.ru/api/pictures/images/3876e1a57a9fd6d4abbaec1ad0105f1f329c09886988e9f232140a7d79744cfe4b80e9e0ed4b87e1e4678d41437dda04.jpg?size=origin,А сейчас что-то совсем другое
234,9a20b5ab23351f61f4da88692cb6f3785b251c88c1ee216a17a98896b0cdddae1f61bb07d7bb411bd39c5fa1df811a53,267887505,https://otvet.mail.ru/api/pictures/images/9a20b5ab23351f61f4da88692cb6f3785b251c88c1ee216a17a98896b0cdddae1f61bb07d7bb411bd39c5fa1df811a53.jpg?size=origin,Проблемы с ПК и интернетом
235,4335c3fe2dfdaa8d8dbb062bbe542d67fd4a6448b37d577e7265cf446081b88233be8fedf9c505d5c57a5c40369974f3,267887551,https://otvet.mail.ru/api/pictures/images/4335c3fe2dfdaa8d8dbb062bbe542d67fd4a6448b37d577e7265cf446081b88233be8fedf9c505d5c57a5c40369974f3.jpg?size=origin,PUBG
236,d4eb9c3af86de9972604ad6ad96ab1491399f33fe35b6903984ed1332155f9f06cc4e101434d99d8ef28d3105191ca02,267887569,https://otvet.mail.ru/api/pictures/images/d4eb9c3af86de9972604ad6ad96ab1491399f33fe35b6903984ed1332155f9f06cc4e101434d99d8ef28d3105191ca02.jpg?size=origin,Мир и его люди
237,a07d69e1ca6fdfae1c0275d5d2e7d6fda0340b41564d36ea82721a55242db2f661199121dc6b39cf97484f6ee25b07d3,267887623,https://otvet.mail.ru/api/pictures/images/a07d69e1ca6fdfae1c0275d5d2e7d6fda0340b41564d36ea82721a55242db2f661199121dc6b39cf97484f6ee25b07d3.jpg?size=origin,Здоровый сон
238,831142c9928d62223fee5cfec881c3f5c63efb6956b7f02c428efae89828b13f0cbeb671c861d6fdeea5bf71677c5f59,267887630,https://otvet.mail.ru/api/pictures/images/831142c9928d62223fee5cfec881c3f5c63efb6956b7f02c428efae89828b13f0cbeb671c861d6fdeea5bf71677c5f59.jpg?size=origin,Время музыки
239,ea2cbae420bf442220b7f2c7e7e383104dc95d379d6fe530740211bf7ad33bc5460c3fea66b0cbff2b7a0ccb3594239a,267887638,https://otvet.mail.ru/api/pictures/images/ea2cbae420bf442220b7f2c7e7e383104dc95d379d6fe530740211bf7ad33bc5460c3fea66b0cbff2b7a0ccb3594239a.jpg?size=origin,Зона Риска
240,54dfd5d03f32be8481dd5a58a3250ea5185ef1677ccaa4027f79445fec47e6355b0eec29783153b03699c039918acd99,267887660,https://otvet.mail.ru/api/pictures/images/54dfd5d03f32be8481dd5a58a3250ea5185ef1677ccaa4027f79445fec47e6355b0eec29783153b03699c039918acd99.jpg?size=origin,А сейчас что-то совсем другое
241,7d1e668ab6fd271c42783f85926ab5f58f821ef3932908e08108fd48df5bce0c8f3172db28ce3acfeaa44700c0ebec1d,267887663,https://otvet.mail.ru/api/pictures/images/7d1e668ab6fd271c42783f85926ab5f58f821ef3932908e08108fd48df5bce0c8f3172db28ce3acfeaa44700c0ebec1d.jpg?size=origin,А сейчас что-то совсем другое
242,3195c7bd186df3789d42547292c8976dba5d68a7e9858f5d3f54b041d07eec89d7bae006912f481267ac8bb2fe97cc0f,267887687,https://otvet.mail.ru/api/pictures/images/3195c7bd186df3789d42547292c8976dba5d68a7e9858f5d3f54b041d07eec89d7bae006912f481267ac8bb2fe97cc0f.jpg?size=origin,Электроника и электротехника
243,fb7dc7000f4c9ec61446fbe6fb6f83270a38430fb527a2bdc6d150c9d33126d9d2cd8937671e2015f405f1bfcbae79d1,267887738,https://otvet.mail.ru/api/pictures/images/fb7dc7000f4c9ec61446fbe6fb6f83270a38430fb527a2bdc6d150c9d33126d9d2cd8937671e2015f405f1bfcbae79d1.jpg?size=origin,А сейчас что-то совсем другое
244,730dbd372fd2658090d87c7e99efa3611ef9b54169aa63b27ac61d610e168f52b07defdbdd2890ad0d29451c561c36f8,267887798,https://otvet.mail.ru/api/pictures/images/730dbd372fd2658090d87c7e99efa3611ef9b54169aa63b27ac61d610e168f52b07defdbdd2890ad0d29451c561c36f8.jpg?size=origin,World Of Tanks
245,116f8f60a87b2ce31e1ae59a2d833ca7abce2be2731339f03f75ec584c82379ae5768f176ac42d9e71d641cefb36784a,267887807,https://otvet.mail.ru/api/pictures/images/116f8f60a87b2ce31e1ae59a2d833ca7abce2be2731339f03f75ec584c82379ae5768f176ac42d9e71d641cefb36784a.jpg?size=origin,Политические дебаты
246,1c326d09d92d112462736f6ab3e47735f75ae594c780a07dc2f17db452bb459d05afeef610e2818207df653d268d5b5b,267887910,https://otvet.mail.ru/api/pictures/images/1c326d09d92d112462736f6ab3e47735f75ae594c780a07dc2f17db452bb459d05afeef610e2818207df653d268d5b5b.jpg?size=origin,А сейчас что-то совсем другое
247,ef4b98385a3b17d099f90a4805c9a52b9f12e29b9e8cc487964b8fd620ffa7c0c264470c7a61e5bca1e59b01becdd4fa,267887917,https://otvet.mail.ru/api/pictures/images/ef4b98385a3b17d099f90a4805c9a52b9f12e29b9e8cc487964b8fd620ffa7c0c264470c7a61e5bca1e59b01becdd4fa.jpg?size=origin,Время игр
248,f5c4883485afe4ffcd02b9099f1cf71e38efba71e6be5ccbff3c371911b3ad9e809c39bd095c266c5d1d227778a00844,267887923,https://otvet.mail.ru/api/pictures/images/f5c4883485afe4ffcd02b9099f1cf71e38efba71e6be5ccbff3c371911b3ad9e809c39bd095c266c5d1d227778a00844.jpg?size=origin,Вопросы о фауне
249,0ba2c9ead159ef9e70e74ad3138e374576dc7f59acdcf885f9b2292f77f0e09cb343849a131d2aaf6913a84b7d3b6e3e,267888012,https://otvet.mail.ru/api/pictures/images/0ba2c9ead159ef9e70e74ad3138e374576dc7f59acdcf885f9b2292f77f0e09cb343849a131d2aaf6913a84b7d3b6e3e.jpg?size=origin,Политические дебаты
250,23c4011c74407a4de5dd503191efe0d8ff06fb307b4f12d5966acc5db71155cc931ecc2fefa1c59b72af2374d5e6ca19,267888048,https://otvet.mail.ru/api/pictures/images/23c4011c74407a4de5dd503191efe0d8ff06fb307b4f12d5966acc5db71155cc931ecc2fefa1c59b72af2374d5e6ca19.jpg?size=origin,Время игр
251,cf5eeecf97a0e2b925be3c842781e3b7f49737924d3d2707afeac21bff6af3f3bcf21477e0286a7824dad7e25c7075e7,267888103,https://otvet.mail.ru/api/pictures/images/cf5eeecf97a0e2b925be3c842781e3b7f49737924d3d2707afeac21bff6af3f3bcf21477e0286a7824dad7e25c7075e7.jpg?size=origin,Проблемы с ПК и интернетом
252,385489e889d88325673af6c26e4f9223312962855a57638583ceac698d49d8fbf25554fab69109db4b5d3addf1662225,267888119,https://otvet.mail.ru/api/pictures/images/385489e889d88325673af6c26e4f9223312962855a57638583ceac698d49d8fbf25554fab69109db4b5d3addf1662225.jpg?size=origin,А сейчас что-то совсем другое
253,aad5b14ec55bc7c1c810fb59fc55f75a75e1b10ac0b405b3fcac8f3a31b5a3f3cb2921698445a5444ce4b52bd347f749,267888122,https://otvet.mail.ru/api/pictures/images/aad5b14ec55bc7c1c810fb59fc55f75a75e1b10ac0b405b3fcac8f3a31b5a3f3cb2921698445a5444ce4b52bd347f749.jpg?size=origin,А сейчас что-то совсем другое
254,847020ed466de1223989a15c22ff23f9bdba0b83f3fd83d110a5db79bc545f192158e91cbea7aa52e62f673be37679f1,267888130,https://otvet.mail.ru/api/pictures/images/847020ed466de1223989a15c22ff23f9bdba0b83f3fd83d110a5db79bc545f192158e91cbea7aa52e62f673be37679f1.jpg?size=origin,Собираем компьютеры
255,e6ec828981270f173fe87c12cfba88982a91d1f8fbc6fee5e56e3ca5b63efc4127084a4a5645c4c3349faa1eb2d70d4a,267888131,https://otvet.mail.ru/api/pictures/images/e6ec828981270f173fe87c12cfba88982a91d1f8fbc6fee5e56e3ca5b63efc4127084a4a5645c4c3349faa1eb2d70d4a.jpg?size=origin,Политические дебаты
256,2db7ee2fec7317568d15061248f5355776cfb684c76282640db537740a9adffb22ffd75bbd75a062404d2121d476f28b,267888171,https://otvet.mail.ru/api/pictures/images/2db7ee2fec7317568d15061248f5355776cfb684c76282640db537740a9adffb22ffd75bbd75a062404d2121d476f28b.jpg?size=origin,Minecraft
257,57cdbfa04c6c47219b8d2953453466703ed8ade3b806ec79b6a9dfb145c3eb0671515ad36c7ea4deef15ed8a395eac95,267888190,https://otvet.mail.ru/api/pictures/images/57cdbfa04c6c47219b8d2953453466703ed8ade3b806ec79b6a9dfb145c3eb0671515ad36c7ea4deef15ed8a395eac95.jpg?size=origin,А сейчас что-то совсем другое
258,dca5b57e2dc9e52d0cb778a9c7bf291d3b5173fdcc5c5a4283c93a142149473d1672236b68acd468be3f3b5e06055837,267888267,https://otvet.mail.ru/api/pictures/images/dca5b57e2dc9e52d0cb778a9c7bf291d3b5173fdcc5c5a4283c93a142149473d1672236b68acd468be3f3b5e06055837.jpg?size=origin,Сборная Домашка
259,e2daf460db10ff09883da5730f483fe8511f3112825c7db9f297423931b53e585dae6e152d6f52fa6a1d942b7212294d,267888379,https://otvet.mail.ru/api/pictures/images/e2daf460db10ff09883da5730f483fe8511f3112825c7db9f297423931b53e585dae6e152d6f52fa6a1d942b7212294d.jpg?size=origin,А сейчас что-то совсем другое
260,ae2581b041d80b2dd00aecd93b0185ba89aeac142fbbf8a34bc7d6d35b52f71c4321c85e41fef29ac99c07c4e042a082,267888402,https://otvet.mail.ru/api/pictures/images/ae2581b041d80b2dd00aecd93b0185ba89aeac142fbbf8a34bc7d6d35b52f71c4321c85e41fef29ac99c07c4e042a082.jpg?size=origin,Мир и его люди
261,bccc707ebbe4bc9361fa5b294e147e184c89a80af2d8329ce6d0f75f0b5c2012627d08eee5825d7027bb16a501f5698e,267888448,https://otvet.mail.ru/api/pictures/images/bccc707ebbe4bc9361fa5b294e147e184c89a80af2d8329ce6d0f75f0b5c2012627d08eee5825d7027bb16a501f5698e.jpg?size=origin,А сейчас что-то совсем другое
262,753e94c76675bd64936e3a844c4ef25f7764485c349503651ea833b750eb84b21ae077216c221eb1a974241c3cf41b09,267888463,https://otvet.mail.ru/api/pictures/images/753e94c76675bd64936e3a844c4ef25f7764485c349503651ea833b750eb84b21ae077216c221eb1a974241c3cf41b09.jpg?size=origin,Мир медицины
263,f2b58752cf50b65a9c1b119bebad7727f617e2b31b8cfc1c77e67487dfb5f30042645e888bababaad0a70010cabbb380,267888479,https://otvet.mail.ru/api/pictures/images/f2b58752cf50b65a9c1b119bebad7727f617e2b31b8cfc1c77e67487dfb5f30042645e888bababaad0a70010cabbb380.jpg?size=origin,Математика
264,a5db6870c9666520fe31660192b78f556eca24e2cd3e28b145be9db27cb7fd095e94e06cb5ac604ab296a231953b9df8,267888480,https://otvet.mail.ru/api/pictures/images/a5db6870c9666520fe31660192b78f556eca24e2cd3e28b145be9db27cb7fd095e94e06cb5ac604ab296a231953b9df8.jpg?size=origin,А сейчас что-то совсем другое
265,31cf21498e9a89c1766172d9173c165c07fdb1676a4759ef3796b035350747f413f4e6fd5f28f7664be0a9ecf1f38aed,267888526,https://otvet.mail.ru/api/pictures/images/31cf21498e9a89c1766172d9173c165c07fdb1676a4759ef3796b035350747f413f4e6fd5f28f7664be0a9ecf1f38aed.jpg?size=origin,Любая техника
266,8565d47deb67686afdea2fba395c88e23e84a2537b61ad3fda1aedca460a4e6686839590aac60ae4bd8dd1db1b91c183,267888529,https://otvet.mail.ru/api/pictures/images/8565d47deb67686afdea2fba395c88e23e84a2537b61ad3fda1aedca460a4e6686839590aac60ae4bd8dd1db1b91c183.jpg?size=origin,А сейчас что-то совсем другое
267,dcc95e9854b490af9817ff32c9bd5eb069ab7ae003ac5a9e0cadabc65ca340285fac63dd9466c694fff12cb156a31aff,267888546,https://otvet.mail.ru/api/pictures/images/dcc95e9854b490af9817ff32c9bd5eb069ab7ae003ac5a9e0cadabc65ca340285fac63dd9466c694fff12cb156a31aff.jpg?size=origin,Время игр
268,ae425e546cb1302b7509e9d6494d6d1484c0d193e3148d1969944448efae5b72561bf02d6f164149155b23eb616cabef,267888598,https://otvet.mail.ru/api/pictures/images/ae425e546cb1302b7509e9d6494d6d1484c0d193e3148d1969944448efae5b72561bf02d6f164149155b23eb616cabef.jpg?size=origin,А сейчас что-то совсем другое
269,0901206334c6256f793ccc647c5eea4ff010e86902696d4053901ab2e7cd53fc503f47aed53f9bcf30f1a782a940ffdb,267888601,https://otvet.mail.ru/api/pictures/images/0901206334c6256f793ccc647c5eea4ff010e86902696d4053901ab2e7cd53fc503f47aed53f9bcf30f1a782a940ffdb.jpg?size=origin,А сейчас что-то совсем другое
270,6cc6ccb2b2200047b8cdb3fbfe6a895b2a881b36180bade3d63b48f743f46b8daad873753640661084366cf560d382e8,267888606,https://otvet.mail.ru/api/pictures/images/6cc6ccb2b2200047b8cdb3fbfe6a895b2a881b36180bade3d63b48f743f46b8daad873753640661084366cf560d382e8.jpg?size=origin,"Фото, видео, дизайн"
271,ad0f1af8479d427ff13da0001da0447e08d4f91ba314471df24a6d17193ad07c363a4119775a6d855dabefa9eb12f9e2,267888628,https://otvet.mail.ru/api/pictures/images/ad0f1af8479d427ff13da0001da0447e08d4f91ba314471df24a6d17193ad07c363a4119775a6d855dabefa9eb12f9e2.jpg?size=origin,От колыбели до сада
272,8ba664ffc8f2d72b1cb476838f97f8c69822299c8f7de9aba67fa23e0d5158fda2b5cab013bf8a924fe39d0be525f4a9,267888669,https://otvet.mail.ru/api/pictures/images/8ba664ffc8f2d72b1cb476838f97f8c69822299c8f7de9aba67fa23e0d5158fda2b5cab013bf8a924fe39d0be525f4a9.jpg?size=origin,Велосипеды и другие колесные
273,b9aa1d7bd6908f7e0b22fc9df3e6d3f0cc819b2200feb26d66cb269049a6bd6c884ed07e93ec53e11a9311f932e56f74,267888698,https://otvet.mail.ru/api/pictures/images/b9aa1d7bd6908f7e0b22fc9df3e6d3f0cc819b2200feb26d66cb269049a6bd6c884ed07e93ec53e11a9311f932e56f74.jpg?size=origin,Сounter strike
274,91a46da18d4710486aae35b4c232ff2e9ed6bf0cb366c2a609ebc4a9534f213a3ba50b9ea54bf42dfeaa411c90c19eda,267888739,https://otvet.mail.ru/api/pictures/images/91a46da18d4710486aae35b4c232ff2e9ed6bf0cb366c2a609ebc4a9534f213a3ba50b9ea54bf42dfeaa411c90c19eda.jpg?size=origin,Время игр
275,9430b6bfea0edcf83bfabc14ca3e7c1da4ad8feb1dc27d98d72bcbcfb7aa95d69dd7fea5f270a0bc354e7d2cadd833d5,267888794,https://otvet.mail.ru/api/pictures/images/9430b6bfea0edcf83bfabc14ca3e7c1da4ad8feb1dc27d98d72bcbcfb7aa95d69dd7fea5f270a0bc354e7d2cadd833d5.jpg?size=origin,Электроника и электротехника
276,1515218c2ad5d9c867828538efdb808f815e1c6b2c6f6723ba93b7e16f7b3209af10e3dc54582996e065f75e332f0421,267888839,https://otvet.mail.ru/api/pictures/images/1515218c2ad5d9c867828538efdb808f815e1c6b2c6f6723ba93b7e16f7b3209af10e3dc54582996e065f75e332f0421.jpg?size=origin,Просто установи
277,3de634ff8b846748188cec4f4ed8a149c2d4b58ce046587455f9ef54141f29bc7d5162c5f5b282bd505c557646fee805,267888858,https://otvet.mail.ru/api/pictures/images/3de634ff8b846748188cec4f4ed8a149c2d4b58ce046587455f9ef54141f29bc7d5162c5f5b282bd505c557646fee805.jpg?size=origin,А сейчас что-то совсем другое
278,991ab7d5e667dcbb0aa97328776cddeda39a94d0f2d8faba3cdf567e5a91d6076f7b8a09b1bfa5f9b253d35ff0d54999,267888894,https://otvet.mail.ru/api/pictures/images/991ab7d5e667dcbb0aa97328776cddeda39a94d0f2d8faba3cdf567e5a91d6076f7b8a09b1bfa5f9b253d35ff0d54999.jpg?size=origin,Политические дебаты
279,624df45f641494e4d57d1bf226db323048590ce482390639c9c68082f8f248b79490bd6d02956bfaf291512b14d52e30,267888946,https://otvet.mail.ru/api/pictures/images/624df45f641494e4d57d1bf226db323048590ce482390639c9c68082f8f248b79490bd6d02956bfaf291512b14d52e30.jpg?size=origin,А сейчас что-то совсем другое
280,f6f17fdf4c475222f96567ad46b16a6ea0930fab6d2ba001880cf4d49ffd02b01e6553c73cd89e43875050228f3c0598,267888953,https://otvet.mail.ru/api/pictures/images/f6f17fdf4c475222f96567ad46b16a6ea0930fab6d2ba001880cf4d49ffd02b01e6553c73cd89e43875050228f3c0598.jpg?size=origin,Чем заняться?
281,8d7af4ad9365002360872dd8058ce513a5a4fd2831412ecd3770d105ffb28052be6efd8ece2b27e3474d4b9beaeced88,267889004,https://otvet.mail.ru/api/pictures/images/8d7af4ad9365002360872dd8058ce513a5a4fd2831412ecd3770d105ffb28052be6efd8ece2b27e3474d4b9beaeced88.jpg?size=origin,Web-мастерская
282,c2d55f23015addd742362d9faebe4ea704fc2dd337913bfa7a29d6a211ccb702d38b45df4e43644914bf3a0be7d9da91,267889020,https://otvet.mail.ru/api/pictures/images/c2d55f23015addd742362d9faebe4ea704fc2dd337913bfa7a29d6a211ccb702d38b45df4e43644914bf3a0be7d9da91.jpg?size=origin,Стиль и фэшн
283,c61fe6928207207e8f2b1610b55642ae1861854ccbbeb081508f649851e11ce9cb524a76120366b38713a368a461ec05,267889045,https://otvet.mail.ru/api/pictures/images/c61fe6928207207e8f2b1610b55642ae1861854ccbbeb081508f649851e11ce9cb524a76120366b38713a368a461ec05.jpg?size=origin,"Фото, видео, дизайн"
284,c022c810188b63266bd2a86b0b1a8fa1d387d0fe7f075a5c584bad7c5e0f06ec0d75fd351b3dfdc43e4ddde274325ba2,267889078,https://otvet.mail.ru/api/pictures/images/c022c810188b63266bd2a86b0b1a8fa1d387d0fe7f075a5c584bad7c5e0f06ec0d75fd351b3dfdc43e4ddde274325ba2.jpg?size=origin,Красота 360
285,4650c6365e649248ba5836ab50df3db83f6af7f4e1d8c802661bd1135f6e8ce7868d74b80acc06f0718e83e6af8a2983,267889112,https://otvet.mail.ru/api/pictures/images/4650c6365e649248ba5836ab50df3db83f6af7f4e1d8c802661bd1135f6e8ce7868d74b80acc06f0718e83e6af8a2983.jpg?size=origin,Электроника и электротехника
286,0b056739eb520a4e7c005df80747b6f0728eda79276d6649de5ff41c39367df1f3b475b603a46d6da6ba60d69e98a43f,267889163,https://otvet.mail.ru/api/pictures/images/0b056739eb520a4e7c005df80747b6f0728eda79276d6649de5ff41c39367df1f3b475b603a46d6da6ba60d69e98a43f.jpg?size=origin,Пикантно о любви
287,ed61dc0e33fea0b237b341b773e5c0b65f5545bbf926f8d7a8e2d0eeb48856687cfac9d85761b110f6af5ba766e3ffdc,267889167,https://otvet.mail.ru/api/pictures/images/ed61dc0e33fea0b237b341b773e5c0b65f5545bbf926f8d7a8e2d0eeb48856687cfac9d85761b110f6af5ba766e3ffdc.jpg?size=origin,Смартфоны
288,292cd383472d758422372d20dfc86a95a571f356b9077209195f87c0bd05c7e6247c322929aed801aca5ea78614ebca3,267889225,https://otvet.mail.ru/api/pictures/images/292cd383472d758422372d20dfc86a95a571f356b9077209195f87c0bd05c7e6247c322929aed801aca5ea78614ebca3.jpg?size=origin,А сейчас что-то совсем другое
289,8085780f95a6631fc13599889294254a47270a8591274751f98eae304fd5c06a0bc3547234f13510fa443abf7ad450da,267889283,https://otvet.mail.ru/api/pictures/images/8085780f95a6631fc13599889294254a47270a8591274751f98eae304fd5c06a0bc3547234f13510fa443abf7ad450da.jpg?size=origin,Вопросы о фауне
290,396cc5c02b3c3cd5fea6ad73122990e3fc02cdc2b621d128fb331f037a3429952771f081d4ac26f65125bb56a93422d4,267889299,https://otvet.mail.ru/api/pictures/images/396cc5c02b3c3cd5fea6ad73122990e3fc02cdc2b621d128fb331f037a3429952771f081d4ac26f65125bb56a93422d4.jpg?size=origin,Вечный покой
291,54c535ce3387d059e95c3f4abe3b6c6c1a20d5209dc655ee569447a3c62fdd503825f96c20f9dde36522591a481c75c4,267889302,https://otvet.mail.ru/api/pictures/images/54c535ce3387d059e95c3f4abe3b6c6c1a20d5209dc655ee569447a3c62fdd503825f96c20f9dde36522591a481c75c4.jpg?size=origin,Android
292,5dc33e38422e472b79eab111092099660e5cf9d5d5fd2e019344572f24ba30fcf42f29fb4b59bc11f8f7a2bcbf3bc9ba,267889321,https://otvet.mail.ru/api/pictures/images/5dc33e38422e472b79eab111092099660e5cf9d5d5fd2e019344572f24ba30fcf42f29fb4b59bc11f8f7a2bcbf3bc9ba.jpg?size=origin,Математика
293,b4a4547ec8918b8b0f93ec518275007490fc7f0de337184271e4605a14d6ef451053ec11398c4ed13d82ec85ae8525fb,267889331,https://otvet.mail.ru/api/pictures/images/b4a4547ec8918b8b0f93ec518275007490fc7f0de337184271e4605a14d6ef451053ec11398c4ed13d82ec85ae8525fb.jpg?size=origin,Киномания
294,a1f8bd92082ea3971ee5a2e55ba1a148550e512a7d616906a1e1f77179775d4413f4de05ecbcb7b9d73dee52288f3e82,267889332,https://otvet.mail.ru/api/pictures/images/a1f8bd92082ea3971ee5a2e55ba1a148550e512a7d616906a1e1f77179775d4413f4de05ecbcb7b9d73dee52288f3e82.jpg?size=origin,Образовательный путь
295,d961096f5e6caf0a48d92b29d4880efc5f40ea02972146eb28fd15074dc412198e0209c00c686f3c7880466660264c2f,267889373,https://otvet.mail.ru/api/pictures/images/d961096f5e6caf0a48d92b29d4880efc5f40ea02972146eb28fd15074dc412198e0209c00c686f3c7880466660264c2f.jpg?size=origin,Шутки за 500
296,2bbd1575e35ebf72379ce9be1d72339a3cf0a8aac5cc8baee80845ea2a7b196117308226f3763ad5aa3402c56c180120,267889428,https://otvet.mail.ru/api/pictures/images/2bbd1575e35ebf72379ce9be1d72339a3cf0a8aac5cc8baee80845ea2a7b196117308226f3763ad5aa3402c56c180120.jpg?size=origin,Киномания
297,77968928e5f3e87468729a9104ee53f8ff3eeed2a8217e2daa1a5bb800ddc5e5ae6f4209bf6306f95b4decb7f54e3dda,267889432,https://otvet.mail.ru/api/pictures/images/77968928e5f3e87468729a9104ee53f8ff3eeed2a8217e2daa1a5bb800ddc5e5ae6f4209bf6306f95b4decb7f54e3dda.jpg?size=origin,А сейчас что-то совсем другое
298,54247185c1a22effd730dbd69515258e4035e2870d371c556d2d319e2c38a69f9654e337986b5a1026c6f81bc4d04577,267889441,https://otvet.mail.ru/api/pictures/images/54247185c1a22effd730dbd69515258e4035e2870d371c556d2d319e2c38a69f9654e337986b5a1026c6f81bc4d04577.jpg?size=origin,Смартфоны
299,ba28ed7d8fea58f67b01cd99960b18728de55464489b689af2b7929b14f0985c27f5d1a402124d86cb675c679b6ca7b0,267889444,https://otvet.mail.ru/api/pictures/images/ba28ed7d8fea58f67b01cd99960b18728de55464489b689af2b7929b14f0985c27f5d1a402124d86cb675c679b6ca7b0.jpg?size=origin,Ответы Mail
300,53a498403cc845fe6fe282cfabab8be4f7f4b6b9a9a58fdc2324edf3972108e86db19b12239c64141a070fadd309e37c,267889458,https://otvet.mail.ru/api/pictures/images/53a498403cc845fe6fe282cfabab8be4f7f4b6b9a9a58fdc2324edf3972108e86db19b12239c64141a070fadd309e37c.jpg?size=origin,А сейчас что-то совсем другое
301,ed34a066e9fa51b933ab8a43db98a460b73c5c1f04bc358a1152c6af905b92e851095a7bec10b0f5ba19d566e8bba079,267889465,https://otvet.mail.ru/api/pictures/images/ed34a066e9fa51b933ab8a43db98a460b73c5c1f04bc358a1152c6af905b92e851095a7bec10b0f5ba19d566e8bba079.jpg?size=origin,Политические дебаты
302,f2a33abd1ad52fde682b0d8005e84c97a6ead4e5ddf44b9a8805ebfa2eae0ae8fd65086daebafb54bb3de912c9b677f3,267889492,https://otvet.mail.ru/api/pictures/images/f2a33abd1ad52fde682b0d8005e84c97a6ead4e5ddf44b9a8805ebfa2eae0ae8fd65086daebafb54bb3de912c9b677f3.jpg?size=origin,Проблемы с ПК и интернетом
303,47dfea0d3abe5f2eb3a3d16688e931175294416c8b457f9c5469e262cb5e09a8456e9ae1bca3b1e4117e8c72beb56191,267889568,https://otvet.mail.ru/api/pictures/images/47dfea0d3abe5f2eb3a3d16688e931175294416c8b457f9c5469e262cb5e09a8456e9ae1bca3b1e4117e8c72beb56191.jpg?size=origin,Вижу Будущее
304,61e015f78e6c66b491ddfaa3819e82debeec28a9273cf42a32e3be57b7fa470221a80ada5fce7b266614fe2fd98427ef,267889580,https://otvet.mail.ru/api/pictures/images/61e015f78e6c66b491ddfaa3819e82debeec28a9273cf42a32e3be57b7fa470221a80ada5fce7b266614fe2fd98427ef.jpg?size=origin,А сейчас что-то совсем другое
305,d189465f7e4886eb4133f5662e7b0a6ab5742d421d6854b7c070045cebcbbaa058012e5df074d8be934231d03161eb8d,267889619,https://otvet.mail.ru/api/pictures/images/d189465f7e4886eb4133f5662e7b0a6ab5742d421d6854b7c070045cebcbbaa058012e5df074d8be934231d03161eb8d.jpg?size=origin,А сейчас что-то совсем другое
306,7b59ed8006b3e14908171b7ac3ab300afc38475b3c0534b70d7079069943904bc9bb633c1a48ec787176eaee42ecd188,267889713,https://otvet.mail.ru/api/pictures/images/7b59ed8006b3e14908171b7ac3ab300afc38475b3c0534b70d7079069943904bc9bb633c1a48ec787176eaee42ecd188.jpg?size=origin,А сейчас что-то совсем другое
307,7b59ed8006b3e14908171b7ac3ab300afc38475b3c0534b70d7079069943904bc9bb633c1a48ec787176eaee42ecd188,267889718,https://otvet.mail.ru/api/pictures/images/7b59ed8006b3e14908171b7ac3ab300afc38475b3c0534b70d7079069943904bc9bb633c1a48ec787176eaee42ecd188.jpg?size=origin,Математика
308,8cc6f5e2a9e8281129c38777546907c3f9fa9b1e2ca223bb1412e1a697b9455fb8618dfc3c1690b0b616d7e374e97f0e,267889815,https://otvet.mail.ru/api/pictures/images/8cc6f5e2a9e8281129c38777546907c3f9fa9b1e2ca223bb1412e1a697b9455fb8618dfc3c1690b0b616d7e374e97f0e.jpg?size=origin,А сейчас что-то совсем другое
309,c7f52b899583456f1d7031333ce0208e70abdc90036b5cc3a9f6ea70578320967ddece582b3c0d16dec2aecefa3c7928,267889831,https://otvet.mail.ru/api/pictures/images/c7f52b899583456f1d7031333ce0208e70abdc90036b5cc3a9f6ea70578320967ddece582b3c0d16dec2aecefa3c7928.jpg?size=origin,Информационные технологии
310,b13c6278359ac7cf8e27f56b238426a3157db597ae2051d4a11cf2df2557ba1ddbac1d81a5f911c927b1b80024446fee,267889845,https://otvet.mail.ru/api/pictures/images/b13c6278359ac7cf8e27f56b238426a3157db597ae2051d4a11cf2df2557ba1ddbac1d81a5f911c927b1b80024446fee.jpg?size=origin,Стиль и фэшн
311,f4e187b50463d85ff7e437e97573e46b8c8367977daa887bbbe0d78ff4452abaf2b0d2cdd8ec3bd87927dc16d6105141,267889846,https://otvet.mail.ru/api/pictures/images/f4e187b50463d85ff7e437e97573e46b8c8367977daa887bbbe0d78ff4452abaf2b0d2cdd8ec3bd87927dc16d6105141.jpg?size=origin,А сейчас что-то совсем другое
312,0312ab9fa801df6a9da07798c0cb020b941a4ab9ebc3f74784b342d9748d884b3913f5ae6165f81c82dcf5bbfab0e187,267889867,https://otvet.mail.ru/api/pictures/images/0312ab9fa801df6a9da07798c0cb020b941a4ab9ebc3f74784b342d9748d884b3913f5ae6165f81c82dcf5bbfab0e187.jpg?size=origin,Политические дебаты
313,7a28c5685b8afd4c93d610210996432703301088f8f735c1f9f3043c2fd81075c67f950795eefd755e78a5e4b96723a8,267889870,https://otvet.mail.ru/api/pictures/images/7a28c5685b8afd4c93d610210996432703301088f8f735c1f9f3043c2fd81075c67f950795eefd755e78a5e4b96723a8.jpg?size=origin,Политические дебаты
314,e15267021c735b2ccdaab049dae7b2424a89d1fe6a2381fa065c80d4b007ec8cf0ba60dca977fbc2f427ec2a2df72f13,267889912,https://otvet.mail.ru/api/pictures/images/e15267021c735b2ccdaab049dae7b2424a89d1fe6a2381fa065c80d4b007ec8cf0ba60dca977fbc2f427ec2a2df72f13.jpg?size=origin,Электроника и электротехника
315,d7255bca905ae46f0af27f2f0cc6e34f12f67aa2d2ee5d7949b007836ef2900dd157972b581230b1dcdd0ff5d66b961f,267889948,https://otvet.mail.ru/api/pictures/images/d7255bca905ae46f0af27f2f0cc6e34f12f67aa2d2ee5d7949b007836ef2900dd157972b581230b1dcdd0ff5d66b961f.jpg?size=origin,Пояснительная бригада
